#{"t_start": 1767787310.158633, "env_id": "None"}
r,l,t
-454.9833,400,4.416734
-577.663646,400,8.572256
-280.693005,400,12.832598
-536.993472,400,17.159433
-421.365401,400,21.26919
-372.608785,400,25.467579
-380.650589,400,29.714444
-325.237695,400,33.9861
-413.907324,400,38.217441
-370.318222,400,42.445142
-538.912368,400,46.816101
-362.631692,400,51.093105
-614.718163,400,55.453815
-438.775532,400,59.705431
-395.998422,400,64.059333
-226.455563,400,68.295301
-442.245923,400,72.529261
-339.656675,400,76.775071
-600.259011,400,81.015096
-432.244457,400,85.258967
-285.393704,400,89.551128
-657.900652,400,94.039948
-523.72099,400,98.340995
-241.572915,400,102.573809
-437.916913,400,106.771197
-381.304359,400,111.33592
-405.726044,400,115.715666
-321.928457,400,120.182611
-450.406432,400,124.741987
-222.997412,400,129.182082
-374.950084,400,133.781434
-242.793972,400,138.280254
-407.172378,400,142.796867
-484.985609,400,147.243329
-119.695849,400,151.798955
-378.36646,400,156.305878
-286.119424,400,160.699812
-486.367895,400,165.136132
-341.20742,400,169.64829
-387.954089,400,174.153297
-330.013571,400,178.681555
-112.406892,400,183.209701
-109.416592,400,187.609054
-168.254369,400,192.159421
-85.186539,400,196.654918
-451.527414,400,201.073385
-133.991324,400,205.53933
-337.177051,400,210.098424
-313.04121,400,214.570945
-347.029457,400,219.151783
-293.156212,400,246.064168
-174.122633,400,250.65573
-476.642233,400,255.20648
-443.99564,400,259.707977
-179.24864,400,264.321285
-204.872385,400,268.826485
-359.049889,400,273.353288
-274.6913,400,277.766752
-213.936356,400,282.380884
-93.613831,400,286.964406
-44.012574,400,291.469338
-313.25802,400,295.960296
-299.257454,400,300.47733
-221.098644,400,304.956779
-123.498829,400,309.47607
-264.390009,400,313.889001
-216.129122,400,318.389959
-64.911128,400,322.870722
-223.695529,400,327.293106
-209.049755,400,331.728193
-300.545742,400,336.277147
-238.205118,400,340.723307
-353.010898,400,345.145727
-192.03692,400,349.573014
-82.080545,400,354.128909
-56.017127,400,358.605106
-369.622874,400,363.144245
-146.880409,400,367.693568
-290.048509,400,372.070719
-71.708006,400,376.584036
-42.958509,400,381.05631
-81.588888,400,385.483383
-243.992157,400,390.005526
-221.255183,400,394.423798
-426.133244,400,398.959353
-119.395107,400,403.47406
-68.134994,400,407.937739
-275.084281,400,412.431447
-170.155689,400,416.977
34.189279,186,419.247025
-79.817907,400,423.700498
34.961565,148,425.599634
-117.8807,389,429.867135
-160.271063,400,434.416767
-168.128508,400,438.976391
-160.682617,400,443.536708
-93.198342,400,447.917082
43.014496,97,449.240024
-71.557567,400,453.720119
-322.147222,400,458.210665
-209.920786,400,462.786225
-83.550602,400,489.633142
-10.592782,276,492.870093
-48.36003,277,496.184592
-361.43617,400,500.729111
-36.418963,400,505.342464
-47.111219,328,509.083206
-77.11569,400,513.606025
-269.935993,400,518.081522
-388.051796,400,522.615778
-346.894595,400,527.134681
37.952593,140,528.789551
-185.393708,400,533.26693
-177.275988,400,537.797119
-17.592981,400,542.382364
-163.451464,400,546.865474
-169.585469,400,551.286548
-199.261218,400,555.714928
-235.173188,400,560.296102
-95.777376,352,564.213572
-63.733058,343,568.133541
14.214365,307,571.659304
-102.763785,346,575.682713
-67.65727,378,579.893749
-217.568904,400,584.372508
-29.449748,381,588.783195
16.065091,275,592.023968
-165.816722,400,596.608801
-20.900721,400,601.182382
-65.986678,348,605.138916
-132.895197,386,609.626386
-157.046535,400,614.219966
-151.495922,364,618.285641
-120.479643,400,622.885445
-38.358944,281,626.175403
-39.183274,288,629.522594
-99.970328,400,633.981101
-289.94077,400,638.489968
-77.654468,377,642.858018
-278.780132,400,647.427247
37.330235,103,648.802221
-73.112533,326,652.531874
-165.484558,400,657.085784
-299.209114,400,661.609925
-157.973983,400,666.121897
-361.586578,400,670.506839
-28.482376,382,674.830903
-44.639604,282,678.060479
-187.074561,400,682.545473
-44.944642,243,685.372298
-322.859416,400,689.831511
-90.570892,400,694.336935
-184.774609,400,698.883203
-94.388158,323,702.66427
-161.001319,384,706.872695
18.52356,122,708.344524
2.420489,180,710.57448
9.138812,235,713.290651
-154.314623,400,733.305229
-20.307406,294,736.710179
-243.450422,400,741.33476
-37.73006,364,745.522725
-64.647469,288,748.902778
-85.630153,351,753.074166
-58.469844,308,756.673763
-64.24535,251,759.660851
37.161882,99,761.018355
31.556011,103,762.429071
7.951104,165,764.361409
-6.575272,324,768.063684
-119.170059,366,772.079757
-162.3213,394,776.557209
-144.099123,378,780.845409
42.94181,74,781.833681
-177.75242,400,786.518827
-250.46854,400,791.131601
-44.086467,284,794.531828
22.961899,141,796.221976
10.552281,172,798.34776
30.394465,186,800.518222
-218.098231,400,805.160782
-12.978788,159,807.201961
-24.811363,260,810.214927
-51.577002,203,812.651596
12.051884,178,814.819874
26.393108,224,817.473548
-33.147855,258,820.633333
2.823971,131,822.309511
-137.698626,354,826.277761
-26.570995,216,828.802482
-78.433908,293,832.181664
16.94337,162,834.170316
-45.36388,277,837.466659
3.989499,198,839.871718
-145.627725,359,843.952312
-90.116179,400,848.621155
-87.644774,287,851.842609
21.471561,122,853.456691
-87.361178,298,857.020381
14.21229,194,859.390003
-82.479834,321,863.234493
-41.058943,286,866.628427
-131.929759,388,871.084121
7.143128,169,873.18323
-341.056047,400,877.939037
35.353467,85,879.163765
-33.541533,284,882.494856
17.522419,153,884.331456
-11.466165,256,887.391459
37.752016,98,888.727625
44.590918,74,889.718628
45.891812,101,891.076128
39.020457,82,892.231787
25.440733,157,894.059197
0.882876,157,895.907024
-111.579507,336,899.652058
-4.78011,197,902.054209
-209.302519,400,906.454255
-100.812417,307,910.045986
32.600987,98,911.391662
40.073992,114,912.908237
-1.724833,188,915.110677
-77.210093,261,918.180848
-75.743366,256,921.151442
30.975926,205,923.541927
20.165547,130,925.237905
-111.273689,400,929.746904
34.220647,137,931.388681
32.287634,137,933.119974
-9.601886,161,935.141671
-168.949391,352,939.172226
37.783269,95,940.469746
3.466523,327,944.245372
13.717551,397,948.865983
29.10578,99,950.129778
-86.298774,293,953.625175
-68.070621,245,956.401189
16.071845,240,959.237373
22.481777,214,961.796741
-102.981008,263,964.867565
-94.169365,299,968.375348
-178.939968,372,985.293233
-63.031405,256,988.383665
-78.968225,301,991.998196
-34.205066,234,994.719549
28.121222,119,996.32643
-63.646512,293,999.667543
-64.868153,295,1003.15868
-12.130509,176,1005.297854
-35.11967,252,1008.139827
-174.013983,343,1012.047883
22.544304,111,1013.513374
-160.750898,378,1017.829786
-19.437187,203,1020.201217
-17.423917,284,1023.574005
-53.54479,277,1026.767723
47.612432,109,1028.234743
45.813571,53,1029.137707
19.57227,122,1030.753886
-40.192456,211,1033.159144
-43.872065,237,1035.967938
35.741195,89,1037.110805
-5.466207,160,1038.987117
-54.497247,212,1041.612804
-89.340825,250,1044.557053
-61.10363,230,1047.212554
45.123008,66,1048.204262
-49.161612,253,1051.202239
9.867045,163,1053.241174
-56.674141,244,1056.186918
34.510634,131,1057.898133
-47.291126,294,1061.320841
-42.832768,220,1063.853244
17.558992,288,1067.182219
-67.04903,255,1070.232208
35.718425,103,1071.621145
-150.483939,334,1075.498247
34.691899,104,1076.896449
20.544596,115,1078.306158
29.162202,100,1079.677444
-2.931041,168,1081.754197
-37.047019,227,1084.422348
-119.161198,301,1087.809986
-62.739514,242,1090.684599
32.204192,115,1092.228961
-0.048921,203,1094.584359
-85.743391,244,1097.50514
0.775843,174,1099.677732
-1.795227,234,1102.497375
5.354313,153,1104.456232
10.887033,152,1106.256702
6.539153,152,1108.150517
17.623583,128,1109.79593
-37.112314,222,1112.549839
-2.257376,160,1114.540964
30.937204,147,1116.407912
-73.200961,263,1119.547479
32.518866,103,1120.856128
-51.41494,324,1124.644693
-9.420032,187,1126.862172
-21.366784,188,1129.081947
-26.969451,304,1132.678757
-86.191033,246,1135.472378
29.65661,92,1136.747388
49.374537,24,1137.309628
-46.814274,207,1139.826884
28.463619,96,1141.163494
41.077109,95,1142.50618
-6.844387,160,1144.66713
-25.30964,187,1146.980148
25.526614,153,1148.836638
-83.412921,223,1151.566324
-18.408282,170,1153.719651
-1.9578,151,1155.609348
17.092913,129,1157.190448
13.943719,150,1159.125363
-28.53828,188,1161.468261
-29.363033,218,1164.069499
-33.524652,219,1166.566552
38.37799,108,1168.012244
22.317583,152,1169.858711
-0.435985,303,1173.431469
-27.885321,180,1175.643682
-82.250755,238,1178.454539
-31.506738,210,1180.958062
19.740739,143,1182.799285
42.039736,60,1183.729403
-48.551555,199,1186.027984
33.446877,84,1187.219321
44.664675,53,1188.096829
49.03387,34,1188.657206
-9.71881,191,1190.99347
6.921907,146,1192.730736
-12.430741,177,1194.934413
-50.255658,224,1197.740138
39.063209,105,1199.187739
-81.145408,308,1202.888564
26.193588,112,1204.435743
-50.494197,215,1207.032812
-59.003747,252,1209.985132
33.541635,114,1211.511492
3.627178,146,1213.357117
-48.443082,210,1215.809224
-28.888698,196,1218.218217
29.799819,92,1219.431843
26.715738,113,1220.896105
19.2013,252,1223.759418
-660.383615,400,1247.759004
-18.624558,175,1249.889049
-74.369922,295,1253.347945
10.117026,143,1255.167279
2.841039,167,1257.22992
16.37478,132,1258.924361
28.716602,134,1260.616377
11.110347,158,1262.454384
44.844899,60,1263.388277
-93.637455,258,1266.391867
12.072019,135,1268.037283
-25.579301,183,1270.303666
19.332534,108,1271.750863
-61.624558,230,1274.390737
-20.367119,179,1276.490205
-19.517417,174,1278.648022
-67.652111,281,1282.008399
43.853514,53,1282.910688
-43.290328,216,1285.589125
-170.221155,323,1289.427466
46.735977,57,1290.232722
42.309875,65,1291.130939
-19.335201,222,1293.805531
45.802804,58,1294.620148
12.426822,138,1296.442692
5.971232,109,1297.952406
16.387632,107,1299.286242
-26.265176,192,1301.666762
43.51465,66,1302.654506
-4.258928,152,1304.634032
-75.393625,224,1307.411926
35.627732,158,1309.412139
-52.918562,222,1312.114771
-0.203,146,1314.02151
17.613238,121,1315.537592
26.704342,142,1317.320155
-69.742484,225,1320.122308
26.82009,97,1321.513144
50.609025,34,1322.187886
31.504712,96,1323.528447
-25.29902,167,1325.548417
-110.939992,257,1328.640685
-29.826119,226,1331.296434
-120.394477,363,1335.483362
18.674914,116,1337.028327
1.64322,150,1338.911673
-2.282195,148,1340.782194
-1.431902,161,1342.7809
-1.253134,170,1344.864666
9.985325,144,1346.735866
39.05722,74,1347.844389
27.345037,97,1349.088947
-145.94008,281,1352.395446
-13.114938,146,1354.151606
-6.747289,146,1355.959014
27.717767,112,1357.354698
38.215868,95,1358.680791
28.750149,111,1360.184122
-118.428206,248,1363.25282
16.669973,279,1366.619142
-28.248697,195,1369.000439
-11.256638,168,1371.110913
9.007309,146,1372.962214
32.104192,89,1374.201888
-15.410384,169,1376.295827
-59.624385,211,1378.785321
40.352536,100,1380.131936
42.572059,68,1381.161098
-6.695959,167,1383.221882
4.814988,128,1384.774846
40.095673,76,1385.879979
-11.476521,157,1387.714095
-3.226329,147,1389.577687
47.898638,48,1390.397796
32.850201,94,1391.721051
35.271882,83,1392.901707
-22.503906,173,1395.017164
35.9831,138,1396.779423
50.175687,25,1397.264535
-1.079038,131,1398.946331
33.050065,88,1400.092732
-11.405796,166,1402.074448
31.20422,93,1403.257958
-21.849693,156,1405.153723
33.061449,90,1406.404832
-17.775507,228,1409.100203
-6.994166,151,1410.923873
-79.470369,240,1413.694708
-41.205396,219,1416.277961
16.353676,109,1417.702139
26.087143,117,1419.233019
-7.848336,151,1421.176803
37.455983,77,1422.231053
28.688841,116,1423.710115
-1.735159,148,1425.648396
10.151145,121,1427.223249
1.372381,142,1429.132144
-137.568679,267,1432.335183
-13.872495,142,1434.092556
-54.1346,219,1436.741055
-17.715589,169,1438.936395
-2.870078,148,1440.937738
39.270864,76,1441.99241
16.925759,118,1443.567047
-58.105228,206,1446.133911
-118.941338,267,1449.555971
-33.126113,183,1451.97962
-2.095574,164,1454.192149
9.76793,135,1455.982234
-14.227458,156,1457.975756
9.223685,115,1459.57732
-30.063796,194,1462.095468
-31.569216,170,1464.144977
-5.971799,232,1467.190596
-4.269207,158,1469.153095
-57.106162,204,1471.737504
47.261172,47,1472.476544
33.873639,102,1473.846228
-65.77462,198,1476.395344
15.244576,139,1478.1629
-39.916501,185,1480.430148
-44.042962,198,1482.972387
25.659001,103,1484.388604
34.843676,85,1485.594599
-24.393389,176,1487.789546
-7.88867,141,1489.536569
19.64892,99,1490.835881
26.722474,97,1492.088986
-34.372171,171,1494.201238
-0.950049,140,1495.886271
-1763.0679,400,1517.177414
43.995823,54,1518.043995
-111.631416,249,1520.897261
15.829882,133,1522.553772
-124.412363,275,1525.856261
-133.455671,283,1529.059657
25.990044,87,1530.278746
-10.433402,151,1532.08233
-14.925312,325,1535.875804
28.949313,97,1537.122757
23.803152,106,1538.635489
10.869967,112,1540.0397
40.305594,69,1541.101095
-80.478311,222,1543.810621
-24.308554,172,1545.864138
-27.020204,180,1547.953187
-0.705008,114,1549.482748
49.179817,33,1550.158462
47.351255,41,1550.898693
12.156044,120,1552.390421
-101.025527,189,1554.723175
28.270068,86,1555.939963
42.817286,60,1556.787391
-1.425079,134,1558.404473
5.379694,141,1560.191767
-3.53876,147,1562.100129
26.208272,178,1564.181326
2.610517,134,1565.927186
-86.990236,273,1569.230755
48.284501,82,1570.310675
37.728024,116,1571.7539
13.607295,144,1573.586587
-66.266659,218,1576.232801
-109.142765,228,1578.967429
-2.671518,149,1580.786037
16.839772,123,1582.291683
0.831846,173,1584.353465
13.656857,117,1585.943986
36.146151,86,1587.068251
-43.768559,242,1589.977394
-350.406587,400,1594.473007
-39.591218,204,1596.973994
47.588414,50,1597.808761
21.060089,104,1599.123631
-123.388054,265,1602.1658
1.468849,185,1604.444262
-45.913846,195,1606.84216
29.320732,130,1608.463035
2.626236,126,1610.142466
-53.361832,212,1612.728317
19.522725,183,1615.046103
48.18806,61,1615.914151
-254.996671,346,1619.860783
-218.160887,334,1623.826005
-100.099408,270,1627.047408
6.346499,118,1628.539875
1.943086,115,1630.085765
-10.428802,159,1632.076153
-85.382605,279,1635.37671
-19.625587,178,1637.613413
39.152469,67,1638.614999
-0.225243,136,1640.371544
44.983242,50,1641.207846
30.831061,89,1642.46868
-3.389604,123,1644.12441
5.385493,123,1645.722386
1.677609,136,1647.48272
-57.306396,185,1649.781783
34.118894,107,1651.115638
27.736986,92,1652.398871
-292.57658,397,1657.006365
15.879785,106,1658.500488
-113.111169,258,1661.558626
-7.737332,142,1663.365616
-138.297909,275,1666.602266
15.769818,110,1668.103817
-14.778594,177,1670.266993
40.349365,159,1672.25362
19.187334,110,1673.732404
-33.915164,278,1677.003757
-16.864871,162,1679.011106
-1.181501,263,1682.157263
-7.619702,141,1684.029716
32.172106,72,1685.106406
-64.329406,187,1687.398343
-150.413607,288,1690.735477
39.39508,73,1691.806911
33.815268,91,1693.081691
38.827298,66,1694.082134
37.391326,67,1695.088299
44.505199,54,1695.969334
-27.765551,162,1697.918743
-28.094255,184,1700.19268
41.257907,61,1701.214494
-5.057991,140,1703.096855
15.422624,165,1705.164653
-48.352117,181,1707.430546
37.958081,71,1708.490586
-2.612939,134,1710.21135
27.968069,94,1711.52308
12.368375,124,1713.138392
0.530915,128,1714.804281
37.617288,70,1715.74509
-95.576768,210,1718.358218
26.106595,91,1719.528621
-158.442586,322,1723.250116
-58.88927,178,1725.485302
-110.170545,247,1728.410351
29.973402,88,1729.589713
-36.244271,199,1732.022221
-125.429345,247,1734.871061
3.629629,125,1736.507496
14.048347,116,1738.070405
-18.580428,154,1740.026661
-219.154699,325,1743.749895
42.21263,60,1744.746099
-238.169867,376,1748.956903
-37.820027,175,1751.136942
-82.153795,225,1753.956384
12.308506,118,1755.407775
-1.56107,124,1757.042365
47.489774,56,1757.940452
31.056622,80,1759.090045
14.16733,112,1760.580019
-22.351726,154,1762.414388
-35.389774,151,1772.472062
-19.32508,146,1774.340146
-24.587584,153,1776.28519
-95.69368,224,1778.98928
-2.122786,139,1780.670258
43.05549,62,1781.667208
4.419577,113,1783.165442
44.228826,59,1783.992237
31.504046,89,1785.234221
23.740945,96,1786.459429
24.904517,97,1787.804781
47.975549,68,1788.827765
48.857249,53,1789.718521
34.633789,79,1790.89219
29.395324,102,1792.181459
49.265383,90,1793.426545
50.662447,7,1793.812427
8.916921,124,1795.351201
-59.306489,167,1797.359931
-68.218009,204,1799.7337
-102.701182,251,1802.741618
36.887906,77,1803.759948
20.005627,107,1805.107661
-108.260725,229,1807.909629
29.499515,85,1809.129249
36.242065,94,1810.445654
-11.220524,203,1812.842379
-32.54911,159,1814.875075
-6.053676,136,1816.629277
-15.844696,137,1818.467652
36.479112,69,1819.520407
42.394015,55,1820.410384
-115.342914,231,1823.162624
38.324163,66,1824.213689
25.226932,91,1825.479222
-63.444242,250,1828.443887
-12.984494,162,1830.523428
18.591156,159,1832.546885
40.298882,60,1833.493872
49.578932,39,1834.218709
-16.262716,146,1835.958605
-1.450001,142,1837.808557
29.346415,79,1838.983653
-95.737628,203,1841.58091
-21.672844,174,1843.735107
30.015009,91,1844.992405
-10.741822,163,1847.028049
12.482159,112,1848.5433
-37.512542,168,1850.690697
49.864947,25,1851.254972
36.127565,76,1852.372695
42.036514,174,1854.549638
0.581289,141,1856.25133
38.792404,80,1857.296466
20.891962,100,1858.659413
22.652261,110,1860.131855
-7.644729,140,1861.81222
33.202613,81,1862.977698
38.430724,69,1863.904513
15.043867,106,1865.348144
3.494129,143,1867.202408
11.720064,98,1868.575334
-71.036175,233,1871.478441
16.525465,104,1872.915663
-140.456227,301,1876.517498
49.243679,34,1877.201765
46.800505,39,1877.92348
45.106798,50,1878.776142
45.131183,57,1879.697091
-1.432026,128,1881.273311
-4.833749,128,1882.880817
13.299008,106,1884.231937
-14.84818,144,1886.064616
-17.682536,178,1888.160565
-244.740003,331,1892.056863
6.163184,118,1893.542359
-23.542932,143,1895.380343
-41.513669,159,1897.361902
49.331275,36,1898.052626
-27.326816,151,1899.966736
17.147293,99,1901.338725
-25.540991,145,1903.222491
-27.882972,153,1905.141407
-259.287073,316,1908.681773
34.032943,96,1909.888398
14.071261,108,1911.28601
-223.451194,307,1915.021216
33.835481,76,1916.173357
-68.015559,193,1918.638808
32.804031,81,1919.807569
30.491042,92,1921.027899
33.530328,74,1922.116413
1.822162,123,1923.807154
23.440066,84,1925.016927
47.433774,39,1925.66683
50.620421,26,1926.252146
-22.912108,145,1928.104736
34.785205,72,1929.181533
40.379094,61,1930.163766
49.7517,27,1930.761919
30.397778,82,1931.922664
17.896808,100,1933.170284
50.029928,28,1933.681187
-13.125385,148,1935.570831
-37.793469,161,1937.527806
16.344917,90,1938.777875
22.777013,117,1940.341825
45.934594,51,1941.093857
38.685372,70,1942.139264
-0.796044,128,1943.708921
21.909867,91,1944.989034
16.710912,98,1946.339146
-101.99633,215,1948.949122
48.996889,42,1949.600433
22.663967,96,1950.803175
14.069088,102,1952.217665
16.468312,101,1953.622602
-3.659726,123,1955.150921
50.04793,60,1956.107112
-5.736256,143,1957.991791
19.275281,93,1959.330499
21.135602,93,1960.615855
-59.44353,260,1963.587388
49.685885,23,1964.035971
46.368788,42,1964.784142
23.727019,99,1966.163789
11.583019,110,1967.6653
-20.880397,142,1969.477093
44.627804,48,1970.19522
42.649523,68,1971.229954
7.598344,109,1972.67869
-101.812523,245,1975.625504
-99.275345,228,1978.352679
25.530179,163,1980.313386
49.754601,24,1980.775519
0.390964,184,1983.018873
47.336769,41,1983.654575
-7.193492,136,1985.329235
-59.439645,177,1987.536478
42.84553,55,1988.414752
-113.427083,251,1991.414341
46.762343,45,1992.20763
21.888433,91,1993.486547
-8.761585,152,1995.421602
-71.207793,196,1997.816308
13.98942,111,1999.315129
-38.586047,171,2001.388257
21.621721,88,2002.644263
-86.633412,215,2005.149723
-45.630634,166,2007.119743
17.400888,97,2008.471823
-18.136055,137,2010.154304
25.544769,87,2011.410955
-11.956315,176,2013.495646
-163.848183,324,2017.356179
42.500069,169,2019.349208
46.604847,45,2020.142131
12.261725,95,2021.44709
-25.566493,179,2023.776065
16.748549,100,2025.18957
19.339268,89,2026.375756
42.395048,56,2027.332341
23.077066,106,2028.676287
12.547322,152,2030.49101
47.924261,34,2031.052694
11.832561,97,2038.245341
39.71736,56,2039.055944
-26.285884,152,2040.956174
-101.7012,213,2043.603793
18.091799,89,2044.903799
-30.875542,162,2046.982147
47.401846,52,2047.750614
24.958079,86,2048.970741
6.557911,111,2050.464135
-9.215694,123,2052.06361
-4.062058,208,2054.574591
37.172179,67,2055.593801
11.25169,110,2056.987805
-4.154897,129,2058.663558
50.015829,22,2059.20351
-51.200894,162,2061.171455
-176.509855,299,2064.59265
17.076925,102,2065.997253
27.675787,84,2067.127087
-55.435879,167,2069.275476
-93.188771,199,2071.806102
16.870197,97,2073.153029
27.042913,205,2075.685428
34.217686,75,2076.851945
-62.397787,170,2078.97531
4.24186,115,2080.513429
24.099021,90,2081.770507
-131.228657,221,2084.520065
29.069153,94,2085.82853
-30.036767,145,2087.569374
12.119172,104,2088.983616
-13.87427,306,2092.464916
37.627991,71,2093.578321
5.828191,112,2094.967028
45.661492,52,2095.821685
34.256301,76,2096.92604
-5.114452,125,2098.478844
43.33697,51,2099.346485
42.312772,61,2100.245177
17.21871,95,2101.567064
-108.645619,216,2104.084152
-71.089655,182,2106.373389
-221.811512,313,2110.118116
14.36926,109,2111.584099
-12.312229,146,2113.479548
34.714015,76,2114.606703
-25.783404,142,2116.441168
24.977098,88,2117.67741
-2.034549,124,2119.311813
51.388553,31,2119.950162
38.030659,58,2120.781817
41.277132,54,2121.674104
45.585105,48,2122.493551
48.029461,41,2123.147671
24.04497,87,2124.43251
-109.280777,221,2127.122102
37.469296,63,2128.144612
27.477631,86,2129.366676
11.520573,117,2130.830398
18.769353,122,2132.452703
9.225101,110,2133.846766
27.347549,80,2135.051615
24.439494,77,2136.085676
-2.455459,119,2137.558347
44.330772,48,2138.386564
21.375766,88,2139.632179
-34.031287,160,2141.668849
21.310623,223,2144.31286
-56.459504,173,2146.463967
-155.556745,239,2149.198014
42.15861,56,2150.000266
15.526828,93,2151.286035
-164.099252,253,2154.403131
3.094046,116,2155.907982
6.940453,114,2157.338028
50.822893,38,2158.058441
18.93709,92,2159.348344
14.359283,104,2160.756851
23.287492,89,2161.927799
-193.250695,292,2165.236658
-153.69452,245,2168.156845
-85.432422,210,2170.747258
32.318563,69,2171.782209
29.866718,86,2172.904564
24.300053,108,2174.295295
27.385192,86,2175.466669
46.787001,37,2176.178255
-12.66491,132,2177.801785
35.804156,71,2178.756334
-133.883023,266,2181.969587
-30.230615,148,2183.746158
45.385833,89,2184.916424
26.462552,84,2186.013043
51.447097,30,2186.538635
34.76693,102,2187.94966
39.838478,71,2188.916506
-10.291382,123,2190.591073
20.402941,94,2191.793994
49.352262,42,2192.543959
30.512524,99,2193.900026
-129.348755,217,2196.52746
9.175982,123,2198.156453
26.466032,88,2199.409199
15.490097,171,2201.590372
-189.556293,323,2205.425541
14.736326,90,2206.750085
14.344197,102,2208.137258
14.840097,103,2209.551575
18.740548,94,2210.880044
41.168577,52,2211.643121
-30.272986,155,2213.549116
40.828879,56,2214.366348
41.181113,65,2215.354622
43.796465,182,2217.584769
-55.323543,170,2219.711607
36.666345,72,2220.818298
21.173451,109,2222.168601
-4.96322,120,2223.752979
-78.502283,199,2226.172796
5.400425,168,2228.259115
47.23139,37,2228.953866
45.468786,46,2229.770926
1.894074,115,2231.339771
15.624034,97,2232.58671
36.067153,95,2233.899024
49.358383,38,2234.512285
20.891722,124,2236.119269
8.753881,137,2237.795535
24.150152,117,2239.377439
33.017633,72,2240.37074
34.110793,71,2241.427111
46.187284,53,2242.299302
3.649347,111,2243.785684
-98.43288,208,2246.321587
29.631579,74,2247.453238
-44.555077,155,2249.407419
33.157039,98,2250.748581
23.867763,139,2252.527588
-58.14981,193,2254.798423
-13.910541,149,2256.703624
18.662813,91,2257.97115
-58.117901,170,2260.093636
20.074342,91,2261.371356
42.732109,51,2262.223058
-24.507585,138,2263.942831
47.459272,36,2264.650428
10.488038,105,2265.987021
38.723299,62,2266.953562
42.909314,57,2267.767398
36.396074,63,2268.771169
32.71802,73,2269.890778
25.203415,108,2271.361678
41.274986,56,2272.316744
28.130096,76,2273.336447
36.753358,68,2274.255146
10.04534,98,2275.511371
39.072136,60,2276.455225
25.464286,89,2277.710579
21.445057,88,2278.968498
35.341466,70,2280.064334
36.528694,71,2281.123806
-36.455359,152,2283.079887
-28.254352,197,2285.402585
-19.045554,132,2287.025485
29.052846,95,2288.230011
28.67296,91,2289.508269
19.033849,97,2290.853189
22.634158,79,2292.008627
42.376642,60,2292.847863
47.84683,44,2293.537699
38.322316,60,2294.505617
-9.220238,191,2296.838074
31.6327,77,2297.975366
42.406904,54,2298.90258
38.822114,57,2299.802055
37.90365,63,2300.78135
46.194062,44,2301.561427
-140.142418,112,2310.780997
12.330116,101,2312.166156
-69.974278,202,2314.620958
41.36746,112,2316.130234
1.285954,117,2317.560756
-124.525823,328,2321.450372
-4.988604,118,2323.006903
-29.014132,149,2324.916283
12.559976,91,2326.198176
-5.208151,119,2327.714401
13.810861,128,2329.337878
11.68548,100,2330.743418
26.856535,82,2331.925457
-8.252069,119,2333.386303
48.392121,106,2334.723607
7.49881,92,2336.012529
10.725651,104,2337.327714
13.994509,101,2338.706715
47.840107,42,2339.456359
8.655006,103,2340.859502
38.805133,58,2341.786218
37.455938,67,2342.69862
-28.418589,159,2344.589053
14.96041,155,2346.571365
-9.618997,123,2348.187405
38.578168,66,2349.186329
-203.905588,274,2352.554845
-39.248376,160,2354.575121
5.916507,105,2356.107034
46.447511,44,2356.880007
-10.371827,131,2358.582163
41.038399,55,2359.467443
-31.834002,143,2361.214646
41.011521,55,2362.002472
35.072218,69,2362.940165
43.227611,49,2363.761457
6.367677,109,2365.238704
40.169816,53,2366.118226
50.035915,35,2366.697398
26.213176,83,2367.881041
18.567043,92,2369.245978
-2.528532,115,2370.754013
11.406471,191,2372.989341
-33.052207,168,2375.141932
3.577853,130,2376.874736
8.895609,106,2378.395086
38.805265,60,2379.338456
0.066903,116,2380.777681
42.667882,52,2381.642359
7.206007,108,2383.100485
50.99815,34,2383.673362
46.403473,43,2384.358914
34.693467,70,2385.411052
49.118003,38,2386.017684
42.440563,50,2386.862145
30.129955,70,2387.911514
47.756318,34,2388.590486
13.030718,102,2389.982447
47.258643,37,2390.587803
-72.565577,191,2392.836415
44.735355,131,2394.527273
30.863209,78,2395.556778
32.977541,70,2396.636788
8.145702,117,2398.208352
27.442669,80,2399.352073
48.192084,35,2400.022084
41.532936,128,2401.801164
-41.413139,161,2403.847684
4.859984,113,2405.379267
44.565818,45,2406.072878
-37.302678,153,2407.912405
20.823989,96,2409.144888
15.599845,95,2410.365071
6.453519,102,2411.655406
-233.483371,297,2415.153467
52.537105,27,2415.772464
4.532589,107,2417.284595
32.237837,107,2418.632215
36.802842,62,2419.598744
-140.249584,246,2422.567615
-32.987,173,2424.699992
22.174403,88,2425.830717
29.727124,74,2426.824351
15.601404,107,2428.282732
22.629776,89,2429.537207
10.984661,99,2430.953473
40.954817,58,2431.86994
-77.366441,184,2434.029986
-25.144891,139,2435.817945
45.61078,47,2436.625599
-16.661687,130,2438.317293
-190.903083,275,2441.606623
15.795972,97,2442.875759
33.447624,70,2443.916338
-4.246988,120,2445.528746
40.621432,55,2446.35334
22.550488,93,2447.644044
51.201948,29,2448.258528
-31.954714,145,2450.135444
28.283392,80,2451.313025
2.576613,110,2452.846293
-56.347291,179,2455.109659
42.79795,58,2455.92081
-117.467256,220,2458.583205
24.086229,87,2459.830407
-34.717026,156,2461.870049
43.360396,53,2462.753324
-69.036408,176,2464.830478
36.931465,61,2465.790672
38.317097,59,2466.726278
51.840311,23,2467.30442
22.460003,88,2468.589023
9.900776,104,2470.008767
3.297517,108,2471.376929
-6.616059,124,2473.067322
29.427885,153,2475.000778
48.371581,39,2475.72579
-5.090176,191,2478.263717
36.366262,66,2479.257601
39.136281,60,2480.198838
13.782122,99,2481.565991
21.488125,93,2482.766343
-10.264815,126,2484.480203
26.689901,82,2485.562015
-24.213783,140,2487.3727
18.765573,91,2488.539881
51.560972,16,2489.016721
47.29676,41,2489.803655
21.680303,98,2491.112594
43.696888,61,2491.968865
45.265736,53,2492.838264
-36.574277,144,2494.692445
4.227924,115,2496.308577
38.431952,67,2497.233612
42.745747,52,2497.988928
8.869494,105,2499.402852
17.173157,94,2500.709911
25.266351,84,2501.828115
39.423239,62,2502.789091
12.000302,101,2504.181505
36.958704,66,2505.230963
34.38535,70,2506.28699
26.008693,79,2507.450814
49.892574,32,2508.000959
0.170523,98,2509.347511
38.298367,64,2510.23129
27.743647,79,2511.281286
47.498407,33,2511.944987
43.454129,52,2512.730702
12.058323,173,2514.860232
47.083186,46,2515.591858
17.870167,96,2516.834409
-110.511966,209,2519.392628
3.647539,110,2520.866575
-84.88736,263,2524.001847
48.270605,41,2524.747947
52.776173,23,2525.305543
0.539263,115,2526.860667
-10.046076,118,2528.471057
51.908016,25,2528.938711
50.211786,34,2529.615208
-67.993823,169,2531.762791
30.025028,75,2532.865658
11.286379,100,2534.231359
9.767407,106,2535.691589
15.157235,96,2536.934886
28.590226,76,2537.944315
32.342953,77,2538.959852
7.989294,109,2540.454223
45.594206,49,2541.277494
-32.586385,146,2543.182239
13.469038,98,2544.536275
-58.042729,172,2546.689753
6.450659,111,2548.187242
-135.205736,222,2550.784916
47.647514,47,2551.592232
45.458803,47,2552.297339
22.517628,88,2553.437467
50.685265,25,2554.008502
49.42485,55,2554.899519
45.954264,46,2555.690728
-9.407664,143,2557.559724
38.26082,61,2558.41073
25.918126,86,2559.527297
15.055854,96,2560.87102
28.187202,83,2562.056247
26.082463,83,2563.25641
33.28926,75,2564.350373
52.368282,12,2564.788425
-52.999659,163,2566.826414
47.480825,40,2567.45222
33.223076,69,2568.488228
13.79958,100,2569.791011
21.984362,90,2571.13173
22.135675,89,2572.421658
-126.957493,252,2575.46093
-85.383192,181,2577.841714
31.814142,73,2578.819011
30.621075,77,2579.945536
-117.95332,224,2594.910396
-12.05888,121,2596.387912
45.521362,46,2597.211399
-95.096546,207,2599.746715
27.736247,74,2600.739578
38.120677,65,2601.638596
46.079569,42,2602.304167
-0.81109,115,2603.778711
48.564338,37,2604.479624
-57.543068,184,2606.791471
-270.537845,352,2610.806389
47.89427,42,2611.463843
14.06696,99,2612.833735
15.045743,127,2614.492211
10.815916,100,2615.768566
41.404465,57,2616.697544
-101.67086,239,2619.640515
-19.52107,132,2621.349087
45.375038,50,2622.082624
8.209255,110,2623.471989
5.792424,109,2624.935847
24.522427,86,2626.0728
37.596782,63,2626.94259
-2.068068,116,2628.369247
17.444755,94,2629.671388
29.588778,77,2630.795483
30.80022,73,2631.893558
-8.267771,124,2633.519761
8.355077,111,2635.01922
21.398558,90,2636.301578
23.651769,164,2638.356508
46.75538,45,2639.141486
37.502071,90,2640.399264
28.173425,81,2641.636048
-14.139585,132,2643.359132
31.808851,74,2644.457516
49.352603,42,2645.214722
44.893914,48,2645.969439
3.846829,111,2647.509521
-2.670198,121,2649.177472
-99.891503,204,2651.725312
26.059212,86,2652.939697
-448.249961,400,2657.501524
-23.516428,139,2659.190975
36.690659,66,2660.205173
25.919897,81,2661.279142
21.963451,83,2662.380121
21.952313,83,2663.603825
23.463892,114,2665.046738
12.198693,103,2666.360235
14.832601,101,2667.649002
37.952522,64,2668.659167
23.587574,86,2669.883837
50.105072,19,2670.396035
37.385581,68,2671.335888
-30.930221,135,2673.030614
19.500746,86,2674.285252
39.723224,65,2675.306861
10.313311,101,2676.626543
23.156769,82,2677.831638
-142.937338,244,2680.654042
14.029729,116,2682.119629
47.057241,38,2682.84869
-147.489947,251,2685.950945
-55.001233,172,2688.057384
36.038262,65,2689.067727
-146.17089,236,2692.002109
46.732724,39,2692.729626
24.518318,83,2693.821464
15.819479,92,2695.10614
24.765506,182,2697.423637
17.892591,96,2698.746347
50.381021,32,2699.289409
-18.018151,130,2700.87316
45.467382,45,2701.655044
9.111728,105,2703.086039
-6.563188,122,2704.616246
45.92505,43,2705.368783
52.743403,17,2705.760446
22.938003,87,2706.994282
32.589364,76,2708.032746
-28.598943,147,2709.910688
47.001617,48,2710.752534
-620.082331,400,2715.4279
29.202413,79,2716.576802
46.475353,40,2717.31426
-1.766363,108,2718.764691
14.715977,97,2720.102817
13.835568,105,2721.549348
48.975417,44,2722.232769
36.360912,70,2723.182974
37.169978,67,2724.210168
-108.521503,195,2726.49385
-4.667717,178,2728.713586
9.988749,150,2730.521863
51.9181,29,2731.143283
50.476658,16,2731.621779
11.883677,101,2733.019441
22.077228,92,2734.303406
7.121827,153,2736.151117
38.97903,61,2737.131441
-28.025018,239,2740.046685
1.677941,112,2741.452006
25.514609,81,2742.516376
21.464366,87,2743.786438
-22.423051,145,2745.516543
4.461629,112,2747.069998
46.62966,40,2747.800822
40.822212,58,2748.728778
38.952202,60,2749.589569
10.787143,100,2750.958673
-0.288093,119,2752.426507
25.965401,81,2753.584762
-11.263016,126,2755.231801
25.194596,85,2756.360138
-125.282944,230,2759.085981
19.047488,92,2760.370603
50.403004,35,2761.067845
48.835306,35,2761.678072
44.6084,61,2762.537423
37.431453,67,2763.448575
-7.704383,123,2765.071616
-5.384306,130,2766.866682
31.619517,80,2768.01926
15.516315,89,2769.26847
48.336374,36,2769.956091
-52.42515,177,2772.204528
15.575183,95,2773.536649
-12.844204,127,2775.221005
22.585318,84,2776.320811
21.750002,97,2777.562897
49.982309,36,2778.254755
19.050138,91,2779.540729
-45.32709,167,2781.544936
42.043496,52,2782.400037
40.183775,62,2783.269169
27.017005,83,2784.456529
36.832663,61,2785.41083
-31.988093,167,2787.534179
39.859926,58,2788.346151
-84.279211,199,2790.831439
41.511545,85,2792.034179
35.570727,68,2793.063784
30.103333,80,2794.104676
32.540413,64,2795.090165
-2.088858,117,2796.556211
27.191167,85,2797.798821
32.141925,72,2798.869539
43.09941,50,2799.702721
49.795364,31,2800.335348
30.553452,88,2801.579403
33.988738,69,2802.517349
39.934856,59,2803.528989
31.751775,69,2804.634083
37.528296,63,2805.511291
5.725388,112,2807.007034
-63.16446,171,2809.222314
28.767973,79,2810.249023
42.79338,76,2811.366628
36.977025,69,2812.302871
-4.520069,119,2813.796992
46.000971,44,2814.574708
-27.270883,135,2816.22411
45.638837,51,2817.078473
43.858926,100,2818.462142
17.05675,94,2819.775901
8.529514,106,2821.089985
21.169791,91,2822.268215
15.382317,87,2823.488329
4.556329,108,2824.958056
48.972161,39,2825.574203
-11.208897,128,2827.167501
29.911973,83,2828.451967
34.956189,69,2829.487309
5.302848,107,2830.834634
34.694099,69,2831.766093
-11.909234,138,2833.577271
-96.528169,188,2835.782341
-9.686815,133,2837.489697
26.97027,74,2838.488899
-14.260882,129,2840.19662
44.014206,60,2841.034654
46.527175,41,2841.776594
32.395855,73,2842.851518
51.819918,28,2843.470507
-10.72464,125,2845.095848
50.456353,33,2845.748476
26.521375,80,2846.893831
30.827529,76,2848.004901
13.513885,98,2849.319138
43.141985,48,2850.060907
-11.963731,126,2851.809034
38.494601,63,2852.685686
34.964807,72,2853.76893
-58.650482,180,2856.00766
29.224332,76,2857.007071
-20.916634,136,2858.75297
33.194716,75,2859.753402
35.819947,69,2860.704341
46.798683,41,2861.442552
39.975443,60,2862.384371
40.084769,61,2872.659521
28.136148,71,2873.71315
-13.219047,132,2875.469021
41.530608,55,2876.386294
45.02227,52,2877.17151
40.882497,60,2878.012228
12.008097,103,2879.396359
15.706101,99,2880.801871
45.160769,49,2881.529576
45.932006,46,2882.347977
34.544514,67,2883.363402
-34.555093,147,2885.133802
7.491455,107,2886.488017
17.153434,119,2888.05941
29.583605,83,2889.138204
-4.608897,116,2890.683981
48.493202,31,2891.223981
14.655684,96,2892.56169
35.951483,62,2893.534608
35.565207,66,2894.541063
4.317908,109,2895.946764
21.004845,154,2897.800184
-5.309182,120,2899.391314
20.149429,93,2900.592858
44.752301,50,2901.440382
44.43623,50,2902.188346
14.431603,98,2903.532009
22.024691,87,2904.812022
40.961271,50,2905.661661
36.555631,66,2906.690808
-40.891618,156,2908.676958
20.397563,90,2909.944897
31.019006,92,2911.153382
33.917841,70,2912.105024
22.293851,87,2913.248114
26.960318,109,2914.709994
26.758529,89,2915.995818
4.169617,109,2917.474277
2.759591,114,2918.986877
39.637646,59,2919.820302
-5.166177,121,2921.452629
29.95506,72,2922.519021
50.604165,28,2923.121834
16.770832,95,2924.3308
51.064635,10,2924.755211
20.354514,93,2925.947004
-0.201228,115,2927.380491
14.936347,99,2928.754647
12.187398,102,2930.159745
-4.601469,121,2931.652559
10.217318,103,2933.059641
31.015924,75,2934.061343
50.872512,31,2934.705842
43.318649,52,2935.562898
-11.327017,130,2937.319446
1.097345,114,2938.868239
1.001392,118,2940.422825
29.983928,79,2941.566194
38.612429,58,2942.393528
33.582372,68,2943.340624
44.640221,55,2944.234091
5.953973,111,2945.65602
33.898193,67,2946.681318
42.428205,53,2947.531712
26.398676,77,2948.651568
48.527783,31,2949.292613
32.23413,74,2950.393147
45.103578,44,2951.180175
37.401487,65,2952.077834
49.374308,25,2952.654243
31.636594,75,2953.694257
14.524693,95,2955.04324
49.329029,43,2955.811849
20.617219,87,2957.059786
17.157203,95,2958.372077
13.858387,123,2959.890499
40.001631,59,2960.828665
22.431802,91,2962.106216
6.077113,109,2963.605015
24.322238,86,2964.728284
24.78539,88,2965.905675
17.066274,100,2967.169615
-14.087187,130,2968.773222
17.292449,96,2970.003942
44.754684,50,2970.842719
22.889301,85,2972.069401
47.241661,55,2973.011544
45.82713,46,2973.719756
33.824656,72,2974.690311
-59.836915,330,2978.659954
-8.411071,127,2980.39761
44.793813,55,2981.294236
27.379365,83,2982.389961
33.68647,74,2983.490027
45.998472,49,2984.313437
-0.069847,113,2985.751177
23.424084,80,2986.911083
18.048961,98,2988.266905
43.099591,53,2989.140426
13.870244,101,2990.52484
27.33883,84,2991.729236
35.270567,74,2992.744928
42.177536,58,2993.711653
38.386044,63,2994.696162
8.496871,105,2996.165256
17.094405,89,2997.449681
8.825438,109,2998.831048
9.99114,105,3000.274415
9.610415,104,3001.593705
23.334755,91,3002.884721
-17.165281,131,3004.602501
3.724008,111,3006.014949
44.054512,51,3006.768298
16.987343,90,3008.027607
27.791381,80,3009.070362
40.18578,57,3009.983013
-7.152693,122,3011.501924
37.159153,63,3012.477181
31.011482,74,3013.578642
13.2104,100,3014.961768
27.859617,83,3016.169773
43.265338,51,3016.911489
11.803725,101,3018.285908
23.741147,84,3019.465061
7.640999,108,3020.844094
48.702189,29,3021.457182
6.422556,106,3022.920459
10.518708,101,3024.329426
-20.608373,148,3026.202638
46.744187,42,3026.970939
47.316267,35,3027.554478
19.501294,90,3028.717695
25.853207,83,3029.796011
23.809698,86,3031.03226
52.651078,19,3031.44284
21.919203,113,3032.96007
13.9956,103,3034.38883
-41.91224,153,3036.330435
37.167562,65,3037.33359
17.860027,91,3038.671057
-40.061606,149,3040.563854
41.620857,54,3041.444626
10.829327,98,3042.693873
34.3684,71,3043.716161
23.951553,88,3044.859894
-2.108924,113,3046.371588
45.974819,44,3047.142716
53.51173,17,3047.636879
8.770601,105,3049.061609
18.978044,95,3050.38015
27.769157,77,3051.411057
36.162321,61,3052.365228
18.533282,94,3053.569299
5.756805,107,3054.966642
38.147597,64,3055.960752
12.884935,101,3057.260123
26.818888,98,3058.518022
16.193481,99,3059.898296
27.985942,84,3061.134029
-1.308988,117,3062.73263
42.534319,56,3063.642076
34.62088,81,3064.757956
38.431376,65,3065.6492
-10.372166,140,3067.351969
-2.197289,119,3068.944184
-8.169928,177,3071.252999
47.415771,37,3071.855035
21.607469,94,3073.165779
21.766615,82,3074.247039
43.830383,56,3075.147747
-23.285373,137,3076.832462
15.562894,96,3078.156286
6.600752,107,3079.604477
-36.672805,150,3081.53169
27.096309,83,3082.729873
20.708778,91,3084.000246
34.855391,87,3085.22448
41.575259,62,3086.200656
37.163639,191,3088.587008
31.059688,77,3089.712729
30.691555,83,3090.976408
-14.214783,127,3092.593745
28.818593,80,3093.645468
39.317421,55,3094.599951
42.610308,53,3095.360603
44.154724,50,3096.204051
15.352174,97,3097.629375
22.335555,81,3098.799
32.396165,77,3099.927965
23.07403,88,3101.069979
-19.32935,134,3102.693301
16.278433,99,3103.953435
36.653845,61,3104.911992
-50.23476,183,3107.053219
-75.25236,170,3109.185302
26.098616,83,3110.310779
49.874091,30,3110.843614
40.617305,60,3111.795641
3.794013,111,3113.291063
29.821732,77,3114.325099
25.728844,81,3115.497592
14.198231,103,3116.907527
38.985213,74,3117.900616
31.034938,73,3118.972975
39.436159,63,3119.848114
13.999378,98,3121.232452
-9.520593,126,3122.839771
39.186261,59,3123.668403
19.329942,95,3124.885047
-4.066671,117,3126.331101
28.063158,88,3127.584888
28.868602,79,3128.736789
-22.103887,138,3130.521919
30.154488,74,3131.555507
10.353597,102,3132.943272
-6.065633,126,3134.606159
40.027788,112,3136.140077
39.56655,65,3137.135314
50.524397,48,3137.88494
47.505751,46,3138.623364
16.877048,95,3139.951799
23.046007,78,3141.08736
41.701887,56,3141.989826
-5.550077,123,3143.599016
9.09075,104,3144.899997
24.770836,87,3146.136774
32.176512,70,3147.191076
3.51327,114,3148.707112
35.007086,46,3154.733306
17.462152,157,3156.623804
35.652654,70,3157.716246
23.094715,86,3158.945361
2.513833,115,3160.376392
50.094015,34,3161.042837
45.400001,55,3161.938596
41.821628,54,3162.71739
-3.607757,115,3164.25342
41.187406,61,3165.204417
28.36133,83,3166.422076
27.289473,81,3167.482389
26.812533,81,3168.54946
-16.496971,144,3170.380353
3.661996,113,3171.942029
18.042084,95,3173.202928
2.962878,112,3174.733213
-24.161612,133,3176.593692
32.35535,91,3177.860785
41.720398,58,3178.701526
36.034103,66,3179.640215
41.280826,50,3180.395846
36.409571,64,3181.31784
9.70523,101,3182.772827
47.877285,43,3183.4632
50.238983,35,3184.083298
-14.778763,132,3185.796411
13.265457,96,3187.084745
23.773761,83,3188.229439
-18.065778,141,3190.034791
33.36386,73,3191.060354
-33.446479,144,3192.871312
-25.413231,155,3194.861428
24.957212,76,3195.909458
5.305711,111,3197.342626
33.709012,69,3198.33714
31.05478,74,3199.515378
1.506286,115,3201.055747
39.570591,65,3201.985971
12.580195,98,3203.339295
7.851444,108,3204.755401
25.422527,85,3205.899307
24.77003,86,3207.066344
48.19838,35,3207.654999
48.411231,38,3208.290994
27.411517,82,3209.410279
42.368123,57,3210.246971
27.174794,86,3211.426164
-30.444913,144,3213.354326
51.986263,16,3213.738143
-6.722262,124,3215.481846
26.389045,100,3216.926815
15.556009,92,3218.307422
22.595266,80,3219.4297
39.267506,59,3220.292974
49.602684,30,3220.93166
42.004823,74,3221.95743
9.821759,103,3223.340827
-20.027418,135,3225.047493
49.359395,26,3225.635485
13.109516,105,3227.022398
36.85352,74,3228.092802
4.033277,116,3229.620585
47.952018,65,3230.554547
43.765848,56,3231.490558
-15.783413,130,3233.177996
28.273783,85,3234.460504
37.274185,61,3235.346659
40.655013,59,3236.204733
-25.387544,137,3238.027036
39.937314,64,3238.969627
46.60436,49,3239.718667
-6.210619,123,3241.438112
11.037042,101,3242.765285
27.200029,80,3243.94991
39.602223,62,3244.950439
10.662076,104,3246.447772
23.508323,84,3247.686181
48.584396,35,3248.381946
49.286314,41,3249.043903
-55.39911,160,3251.040987
-24.726212,136,3252.820031
41.791197,57,3253.695652
51.245895,24,3254.270092
42.600286,143,3256.1894
18.656756,96,3257.478973
19.78168,93,3258.7493
50.28451,59,3259.61296
45.41001,48,3260.455365
38.552063,62,3261.345131
17.953432,94,3262.582157
23.988222,87,3263.74492
33.64873,71,3264.752652
9.676537,108,3266.188021
0.017456,116,3267.741978
50.03264,32,3268.304659
15.591313,99,3269.656207
-6.352703,122,3271.283608
48.014625,33,3271.868108
18.199051,93,3273.082998
26.053466,91,3274.380718
-5.784402,122,3275.896827
-6.9336,122,3277.426203
49.874402,36,3278.118696
38.021162,58,3278.950179
31.782008,81,3280.120449
32.947821,75,3281.137215
50.685415,9,3281.441818
19.831952,98,3282.695215
0.375678,114,3284.218654
23.249263,85,3285.436497
29.183309,83,3286.711349
28.95295,78,3287.892849
26.079107,82,3289.075033
14.017499,101,3290.444496
25.406786,76,3291.586984
52.477466,26,3292.076403
20.275018,89,3293.240073
-291.15303,173,3295.420713
31.702282,65,3296.442457
46.592448,48,3297.263914
30.715862,92,3298.553481
13.71943,102,3299.944882
-11.433094,126,3301.623398
0.497829,115,3303.157736
30.726251,81,3304.324639
29.17856,82,3305.521371
44.391115,54,3306.333341
30.76009,75,3307.504823
49.005538,29,3308.129237
36.423148,66,3309.21402
30.430668,76,3310.32517
-13.685471,128,3311.91295
6.215413,107,3313.263959
14.331922,100,3314.626365
51.159739,32,3315.299278
31.66672,73,3316.425616
4.124181,113,3317.849587
10.313171,101,3319.319495
-12.034811,127,3320.939068
35.655147,78,3321.995844
53.175226,19,3322.405726
27.145661,72,3323.377388
2.791358,109,3324.7678
28.078732,78,3325.902083
44.135764,52,3326.662023
20.352416,92,3327.852808
9.433534,106,3329.331775
31.495024,69,3330.283843
-8.279656,125,3331.939476
10.931791,102,3333.242126
3.199387,112,3334.659763
50.514714,28,3335.170106
-2.942804,125,3336.741468
-28.788564,142,3338.579034
30.63237,77,3339.70482
45.396805,44,3340.478587
49.385385,37,3341.201567
-17.665612,130,3342.894639
11.945674,102,3344.19379
17.205565,92,3345.482116
11.890661,102,3346.771402
36.38649,75,3347.870908
12.912754,109,3349.350125
49.271263,29,3349.973584
30.255792,76,3351.08795
22.822356,91,3352.258038
27.445974,81,3353.43256
31.334709,66,3354.435531
18.29063,96,3355.791375
-55.903251,166,3357.748023
52.792002,18,3358.246939
30.535733,75,3359.350647
39.525964,55,3360.248903
-12.515024,126,3361.906919
50.319857,35,3362.48286
23.869484,82,3363.665818
-23.490963,139,3365.457637
27.480394,88,3366.700243
46.291097,125,3368.355172
38.86001,61,3369.21581
28.113091,83,3370.450357
36.429175,62,3371.43452
-15.76281,252,3374.352227
39.678088,60,3375.241365
34.060551,71,3376.226962
-21.299054,133,3377.979742
23.057941,90,3379.237896
14.12584,101,3380.655226
-101.308313,203,3383.054998
35.276768,65,3383.945214
-2.348648,118,3385.51717
-23.525846,135,3387.164015
43.508122,53,3388.039234
51.768965,9,3388.343059
1.33386,114,3389.788724
12.225079,104,3391.210729
17.189061,97,3392.492661
30.368411,76,3393.65707
7.756299,110,3395.171691
39.328321,61,3396.029737
30.160683,99,3397.397032
-12.765646,125,3399.024865
28.313237,79,3400.087867
43.215566,45,3400.769078
-5.273739,118,3402.351466
38.737403,107,3403.741113
45.618396,42,3404.498715
50.842028,36,3405.094941
31.450338,74,3406.100022
30.378478,78,3407.2512
33.783704,74,3408.337025
30.117059,72,3409.438768
20.648608,88,3410.695446
9.787217,102,3412.098134
31.466917,78,3413.2366
-27.350408,139,3415.059076
20.434647,87,3416.196627
27.249187,81,3417.391982
30.840081,73,3418.505587
52.270073,21,3419.047896
26.53075,82,3420.206631
43.64832,59,3421.051714
26.978852,79,3422.244918
15.817286,90,3423.504424
36.273757,69,3424.552574
51.010375,36,3425.249051
45.664609,45,3426.051797
31.037827,76,3427.177402
21.081416,88,3428.320058
26.324257,84,3429.460453
-10.616939,165,3431.425112
47.572711,39,3432.044323
-29.362942,175,3438.851737
48.748431,43,3439.515895
18.385164,97,3440.852778
33.493538,201,3443.418413
35.9312,68,3444.461715
22.110766,92,3445.788651
31.873363,73,3446.777432
38.046777,73,3447.762083
34.716432,73,3448.847493
35.156994,70,3449.912105
35.726421,66,3450.818795
-34.619599,144,3452.593501
-0.485088,114,3454.118152
41.238996,57,3455.034106
46.544704,46,3455.830706
24.370023,81,3457.004026
0.128821,116,3458.54049
-23.967588,145,3460.462548
29.968132,82,3461.639269
28.43087,77,3462.667944
32.977089,132,3464.41509
28.800843,81,3465.582316
23.584407,86,3466.869255
-21.57265,134,3468.596972
23.048646,92,3469.908684
45.768234,54,3470.790708
43.567607,57,3471.60791
21.207042,91,3472.782839
3.764738,111,3474.288944
36.133678,68,3475.219726
-1.248429,120,3476.703701
29.675377,71,3477.770649
12.248525,97,3479.11803
35.098763,66,3480.024878
26.779932,72,3480.995241
-25.963549,143,3482.710413
39.617762,58,3483.571349
0.210362,114,3485.112194
26.017476,83,3486.302019
-89.864733,193,3488.574159
31.62057,78,3489.709986
35.161935,70,3490.675741
45.848669,50,3491.424934
50.310691,4,3491.778257
50.847533,29,3492.298633
47.214243,38,3493.004276
-0.865683,118,3494.484388
45.584714,44,3495.261983
27.559429,87,3496.397027
28.483587,81,3497.588497
18.434632,93,3498.882839
16.81183,96,3500.265001
-0.053164,115,3501.820508
30.465958,75,3502.918711
40.703382,51,3503.791749
22.812007,88,3505.035269
16.74044,96,3506.267739
34.824659,66,3507.284475
38.080743,63,3508.260369
47.828168,32,3508.80571
47.158983,47,3509.614517
32.616947,75,3510.718084
8.269779,108,3512.184292
37.095939,66,3513.193683
48.371275,33,3513.746397
34.484376,72,3514.79592
6.571295,100,3516.157714
37.78751,74,3517.253474
7.942899,104,3518.687599
11.856155,105,3520.121362
35.870781,71,3521.080568
-37.785065,149,3523.003583
23.963158,87,3524.13542
15.713543,102,3525.603309
-17.6194,135,3527.352026
25.496704,83,3528.501845
10.921017,102,3529.913274
22.854612,72,3531.043261
20.635515,94,3532.329374
48.214645,43,3533.005692
45.697123,42,3533.763401
46.378376,45,3534.450181
32.806277,72,3535.519497
16.198371,95,3536.747978
10.766717,106,3538.18584
22.104473,80,3539.322475
-14.554107,131,3540.921727
10.079736,104,3542.285588
49.389585,26,3542.870922
20.281695,86,3544.104484
32.191527,74,3545.198816
31.948149,76,3546.311443
51.210287,29,3546.83471
29.600446,74,3547.841807
23.638562,86,3549.102399
44.070566,53,3549.978845
27.650245,81,3551.043403
9.708025,103,3552.465102
50.238322,10,3552.876644
13.401506,102,3554.172335
16.624128,93,3555.460188
43.44978,49,3556.189339
2.051915,111,3557.686309
51.135718,48,3558.511519
25.018874,86,3559.657285
44.78292,51,3560.529451
40.087654,65,3561.585447
-28.210674,139,3563.383027
28.327892,82,3564.562696
25.943152,83,3565.762827
39.372373,60,3566.726215
17.351058,96,3568.05384
-35.896278,154,3569.997312
4.795592,115,3571.459108
-14.34915,129,3573.151326
46.829767,37,3573.753926
4.032648,110,3575.243962
11.740835,99,3576.641921
42.761098,49,3577.528105
18.323643,92,3578.86054
-64.096738,183,3581.043741
-35.812744,163,3582.990156
34.685384,68,3583.942227
18.361742,89,3585.200144
40.800412,56,3586.102914
45.953582,42,3586.866708
-9.226167,145,3588.721798
0.380746,112,3590.129108
24.883085,85,3591.275795
44.416101,52,3592.146266
44.748646,66,3593.05661
49.71651,30,3593.683235
26.878007,82,3594.773626
18.613379,90,3596.094761
11.910119,104,3597.541644
-13.185669,129,3599.307557
45.085444,44,3599.985606
-0.747836,116,3601.53475
-9.748115,125,3603.180077
-49.504171,156,3605.188305
29.974039,77,3606.243505
35.96254,67,3607.273588
1.246814,113,3608.681482
-40.263472,162,3610.650024
37.757387,61,3611.504863
33.659274,81,3612.660789
44.77642,47,3613.466698
40.979115,57,3614.382552
5.440938,108,3615.849903
2.614241,113,3617.395283
26.614307,87,3618.627272
31.955054,74,3619.620245
3.724768,112,3621.012235
45.298169,49,3621.83541
23.3778,81,3622.898905
44.600264,45,3623.682684
-53.817868,164,3625.626146
10.588176,106,3627.084589
45.020998,46,3627.877384
31.180653,76,3629.032289
-11.257114,125,3630.715165
47.372548,41,3631.456195
23.978771,79,3632.650142
43.873669,49,3633.490228
31.479525,75,3634.516834
15.244761,97,3635.859786
44.905155,48,3636.694245
17.45129,94,3638.024366
2.273853,114,3639.559154
21.058337,87,3640.796848
8.324404,112,3642.215461
48.998119,28,3642.724739
-28.143762,136,3644.496113
-4.91875,122,3646.169518
2.222341,117,3647.746454
10.915728,99,3649.110399
-8.596106,119,3650.575495
42.285572,56,3651.380338
27.246806,84,3652.585207
42.715024,46,3653.286836
44.627908,48,3654.100156
33.807477,69,3655.13436
11.40423,101,3656.45129
26.430438,74,3657.545454
-104.418899,218,3660.247447
10.493252,101,3661.646754
-19.104238,135,3663.394554
26.618553,78,3664.535807
38.839474,73,3665.625555
22.749077,91,3666.915206
23.424094,87,3668.189969
44.257207,49,3669.017617
0.506329,115,3670.554034
0.325508,113,3672.057695
43.759326,49,3672.791367
41.35714,57,3673.733138
14.034362,97,3675.091497
18.189744,88,3676.337519
23.607494,87,3677.609082
26.420646,84,3678.706704
28.424279,82,3679.782571
-133.677087,223,3682.551346
0.129683,114,3684.085155
24.7247,83,3685.307824
13.20697,96,3686.655338
46.160855,40,3687.289304
18.539996,94,3688.489901
-41.309574,150,3690.403806
17.730494,88,3691.54387
18.205567,92,3692.826283
32.347726,64,3693.857615
18.751988,122,3695.486927
6.420333,112,3697.004513
18.795677,83,3698.088624
40.466988,56,3698.995029
-14.176903,129,3700.579809
-67.801728,166,3702.66681
17.940099,87,3703.92844
47.619107,43,3704.689581
43.697266,49,3705.516996
25.486381,89,3706.688421
40.767845,55,3707.613503
48.709642,36,3708.300319
41.771487,78,3709.491187
-26.315814,141,3711.33547
43.487135,47,3712.175998
-3.049373,114,3713.731597
30.614867,72,3714.696425
2.234124,115,3716.254155
36.947328,65,3717.255931
49.375399,34,3723.57567
-4.434812,123,3725.270755
18.449453,97,3726.68361
25.685469,84,3727.77994
34.954237,68,3728.804164
-3.840139,123,3730.4204
44.293297,50,3731.269194
45.796829,42,3732.034614
-13.910726,128,3733.709301
-5.398855,117,3735.292521
15.345112,99,3736.692446
16.834515,154,3738.616088
29.092525,78,3739.756116
19.624907,91,3740.978779
52.856302,20,3741.397536
47.583072,44,3742.173152
25.686283,79,3743.324597
29.693665,83,3744.523493
31.170347,76,3745.538136
52.451109,14,3745.892463
37.431946,63,3746.796639
38.568303,55,3747.597973
2.545359,109,3749.054511
37.115436,64,3750.034721
29.073952,76,3751.075594
40.759803,55,3751.970156
-5.958988,122,3753.471238
-14.324943,129,3755.251158
48.627054,33,3755.907993
44.817487,44,3756.69238
41.449162,57,3757.507066
18.733288,95,3758.839099
17.484648,96,3760.17087
-12.663759,125,3761.852409
49.571563,31,3762.489863
25.324624,80,3763.650121
32.250678,73,3764.739939
16.099115,96,3766.073885
31.358295,73,3767.049651
36.879628,66,3767.958154
9.875519,103,3769.370324
-7.486094,121,3770.993544
23.298237,86,3772.234944
-17.719964,129,3773.93729
-29.153768,133,3775.697099
-0.703559,115,3777.277871
39.925909,61,3778.148958
40.916604,57,3779.070805
32.768362,68,3780.108939
39.227149,60,3781.06835
48.485709,29,3781.575459
-4.178208,117,3783.068977
49.200416,28,3783.683689
48.306816,41,3784.332061
25.803942,84,3785.577652
42.417147,57,3786.481842
16.959261,96,3787.924395
-15.179542,130,3789.633574
-11.163763,129,3791.222997
34.960741,71,3792.284833
26.797274,81,3793.380404
20.504215,96,3794.702526
13.075372,101,3796.030839
46.909087,39,3796.770103
30.227827,81,3797.841422
50.134322,30,3798.47236
38.998306,68,3799.505629
-0.995425,114,3801.035454
-11.744079,128,3802.690876
48.045288,43,3803.363303
23.988098,79,3804.454527
46.262807,40,3805.19298
9.491069,100,3806.490911
-5.096944,126,3808.218868
33.98505,70,3809.302599
47.392542,39,3810.02091
40.929988,59,3810.992488
-30.159192,141,3812.685735
13.907921,99,3814.062587
20.950127,87,3815.296958
49.856699,27,3815.78648
3.64816,110,3817.189198
4.890605,112,3818.687224
44.587686,51,3819.544586
49.910163,31,3820.082055
8.492436,101,3821.455172
-43.941024,154,3823.411707
21.177348,85,3824.520842
50.914449,35,3825.095104
2.713833,111,3826.60838
-7.625937,121,3828.205284
13.48101,97,3829.442864
43.270819,54,3830.214735
26.570517,128,3831.906797
49.310076,35,3832.586644
50.462535,21,3833.015133
39.096568,56,3833.914522
38.11382,62,3834.872445
-33.138658,152,3836.801739
47.053368,46,3837.600966
32.505342,71,3838.567662
49.428568,37,3839.297155
7.772683,107,3840.759082
42.797652,47,3841.562005
-35.067249,148,3843.602503
45.544173,44,3844.382559
34.512619,76,3845.504115
46.868176,39,3846.252529
30.8423,71,3847.387056
20.209534,93,3848.656934
31.32875,76,3849.76924
12.882985,100,3851.141187
22.513101,87,3852.386184
-29.781539,141,3854.192345
49.280417,33,3854.748695
26.614624,78,3855.781563
9.387331,102,3857.095815
-27.021943,141,3858.920415
-21.804559,142,3860.653333
18.297619,100,3861.995312
51.578844,25,3862.466221
22.476943,84,3863.656228
37.635234,60,3864.609372
-16.048083,132,3866.378283
35.557478,61,3867.33439
16.011102,95,3868.696791
-6.058398,122,3871.167445
33.071229,75,3872.175405
49.59707,39,3872.848091
48.924083,31,3873.498248
50.417766,31,3874.139898
-3.184647,121,3875.740867
-28.424819,140,3877.495315
10.079955,104,3878.807805
-4.727127,119,3880.407375
38.733899,60,3881.347746
45.790435,42,3882.101808
0.237852,108,3883.5869
18.029724,93,3884.969782
44.189851,50,3885.801828
13.088366,100,3887.162631
-18.231984,130,3888.85776
50.861485,35,3889.53331
25.384186,82,3890.616811
1.393511,111,3892.113143
13.04986,100,3893.490036
-25.299577,142,3895.344038
52.279927,25,3895.815399
44.774586,51,3896.654025
42.891675,47,3897.484639
16.399526,96,3898.817432
37.49499,61,3899.671769
47.006546,38,3900.373204
23.247392,86,3901.581384
-63.113645,166,3903.611109
51.415867,30,3904.23703
30.512359,75,3905.334734
42.334888,52,3906.188155
-25.14769,137,3907.825798
3.186109,109,3909.319756
37.930093,61,3910.293475
16.010138,104,3911.689228
49.7857,25,3912.265699
23.767432,90,3913.510253
26.530982,73,3914.487497
26.766024,80,3915.632207
-5.346647,142,3917.439739
19.836295,96,3918.714505
23.428991,85,3919.860492
30.075973,79,3920.923492
11.972129,102,3922.301868
43.419912,56,3923.091523
34.278767,69,3924.114043
36.700161,62,3925.061794
36.035234,70,3926.034383
4.395962,111,3927.452288
37.429334,66,3928.343055
3.396709,114,3929.733364
47.245273,41,3930.368678
51.958463,12,3930.70157
48.576513,31,3931.340568
-29.089797,143,3933.155371
28.159397,78,3934.170099
16.447996,99,3935.409834
30.914573,76,3936.536995
-38.011223,147,3938.425955
4.593791,106,3939.843624
-9.720958,122,3941.456584
40.123024,52,3942.246272
31.472087,67,3943.262631
7.547408,106,3944.682086
38.830568,64,3945.559643
30.251911,72,3946.630112
-15.220846,131,3948.341063
-17.740843,131,3949.916494
43.396471,48,3950.727106
19.678947,90,3951.942276
-3.338496,120,3953.417871
16.229267,96,3954.741423
26.383231,82,3955.91892
1.28236,117,3957.506375
23.679712,84,3958.597426
37.950069,66,3959.590526
5.81731,108,3961.03246
-21.796517,142,3962.836849
37.431157,60,3963.792378
28.813542,68,3964.810122
-115.096561,205,3967.199008
12.846382,101,3968.566815
38.802255,54,3969.492212
1.47192,111,3971.021437
23.049307,85,3972.250347
18.709618,87,3973.482477
38.637647,62,3974.432309
49.003287,32,3975.080434
49.099121,28,3975.683199
22.286478,87,3976.800988
-6.301928,121,3978.335851
47.524739,35,3979.002558
2.046328,114,3980.508985
33.293348,63,3981.378042
52.211909,32,3982.027548
3.966682,108,3983.350516
-62.789368,169,3985.453999
27.06095,83,3986.62493
24.048884,86,3987.828544
5.200434,110,3989.304917
-6.859015,125,3990.909047
26.380413,84,3992.091609
14.707422,98,3993.525538
5.506714,114,3994.95064
13.130508,102,3996.254256
-33.256911,142,3997.931254
35.741436,69,3998.959522
34.323642,62,3999.91317
16.036196,101,4001.286468
20.36785,98,4002.523035
39.696114,59,4003.454312
-19.048677,112,4010.830014
15.791147,97,4012.162915
-19.350734,132,4013.779807
5.224231,100,4015.144233
30.709273,74,4016.238116
50.77569,19,4016.747031
52.537174,17,4017.136221
42.31487,58,4018.059048
37.19689,61,4019.055691
3.337463,115,4020.57959
-41.533078,152,4022.423411
-11.914379,132,4024.165638
-17.739654,130,4025.847079
32.615442,67,4026.844071
-16.812242,131,4028.549159
-34.310491,150,4030.468337
21.981732,81,4031.525336
39.228734,76,4032.638068
42.010817,47,4033.361337
42.643686,52,4034.238661
-21.24803,136,4035.968656
-7.146085,117,4037.427663
27.191817,83,4038.511174
24.760029,79,4039.647058
48.552292,37,4040.246024
9.012183,108,4041.591647
46.578674,43,4042.23802
52.287277,27,4042.727262
-22.947965,136,4044.478734
-149.653524,272,4047.754474
-1.460102,117,4049.206376
-78.079976,184,4051.393914
28.487922,76,4052.503308
9.157903,100,4053.882625
42.744635,51,4054.721613
22.858587,87,4055.98365
39.588772,61,4056.833743
10.745505,103,4058.227351
48.996343,39,4058.936736
-12.737104,127,4060.532512
18.043063,94,4061.835344
46.028969,53,4062.6912
46.41727,61,4063.533373
16.923471,90,4064.78581
-21.78543,140,4066.573029
-14.706093,127,4068.268812
42.584449,53,4069.132451
32.862909,66,4070.140466
18.060199,92,4071.320182
1.661738,110,4072.797411
-15.936768,125,4074.446787
12.507846,101,4075.819017
-68.345874,177,4078.013958
29.3183,72,4079.097611
46.146995,45,4079.887262
44.038604,47,4080.596089
-26.257634,137,4082.253247
-105.747027,205,4084.729524
14.521962,101,4086.101705
-11.68682,123,4087.69216
41.806254,54,4088.471433
35.872726,60,4089.414505
37.696935,59,4090.235203
-0.887179,120,4091.707908
34.1293,71,4092.76422
31.548293,73,4093.833965
29.393723,75,4094.824723
-30.507173,143,4096.64024
-30.357141,142,4098.435586
38.802372,61,4099.385807
-7.759314,120,4100.96579
50.358526,20,4101.385368
33.654724,68,4102.406267
21.730256,78,4103.43621
40.929805,61,4104.40784
37.978041,61,4105.351139
-41.419547,156,4107.307955
16.863795,93,4108.491683
9.88558,106,4109.812667
3.43361,112,4111.199075
44.559126,47,4111.99872
47.985926,41,4112.633562
26.119817,76,4113.735177
23.763306,85,4114.928581
16.034576,98,4116.33425
29.408889,79,4117.385871
3.35554,110,4118.849617
33.167088,73,4119.931055
16.155243,107,4121.368056
28.449344,75,4122.462096
32.32577,73,4123.544777
-24.943237,134,4125.257624
42.4397,53,4126.14082
5.872694,106,4127.586336
31.99224,75,4128.68853
33.386863,71,4129.744085
22.646131,89,4130.99903
45.485278,50,4131.73193
18.518045,94,4133.039704
7.237357,108,4134.372856
44.012365,49,4135.210523
5.266949,111,4136.677929
46.613507,43,4137.440392
32.356166,71,4138.497832
5.378376,105,4139.90909
31.657331,76,4140.90265
-4.571871,123,4142.504607
-12.25532,126,4144.135187
49.003566,43,4144.792975
48.987214,37,4145.492106
38.178838,64,4146.464939
-21.840092,135,4148.202359
45.719352,46,4148.993078
-6.622331,121,4150.466384
26.948133,81,4151.64277
3.882054,111,4153.106835
-0.883777,115,4154.647313
48.663655,38,4155.35594
2.874732,109,4156.830233
33.795752,67,4157.907014
44.093999,47,4158.704314
19.073817,91,4159.979715
9.256734,104,4161.372361
1.013791,115,4162.883701
52.845863,18,4163.283701
35.641371,69,4164.299387
16.498825,98,4165.538599
14.094931,100,4166.900964
47.423482,41,4167.544941
29.799569,78,4168.681655
28.996078,74,4169.804615
29.485488,71,4170.744545
36.31654,63,4171.620767
1.373814,112,4173.006764
45.035886,44,4173.774909
20.28254,83,4174.950292
8.214639,108,4176.294922
30.583633,75,4177.393424
50.891637,34,4178.059452
25.588862,85,4179.255765
-70.104085,172,4181.28108
10.657295,102,4182.667688
31.661873,95,4183.98978
-2.884285,120,4185.46505
47.483679,38,4186.197773
5.401314,104,4187.605031
-0.655914,125,4189.277661
28.338687,79,4190.409718
19.342421,91,4191.706781
50.714922,28,4192.209388
40.35115,56,4193.001972
11.923442,114,4194.526662
11.70571,104,4195.826172
39.364483,64,4196.797774
28.455184,78,4197.819938
23.333505,84,4198.995422
37.762322,64,4199.880352
48.115468,33,4200.535654
48.264644,34,4201.233556
51.944886,12,4201.675159
50.270549,28,4202.277473
38.980106,59,4203.098779
-1.812445,115,4204.618195
3.588446,115,4206.040358
-37.783479,161,4208.050699
32.902349,75,4209.068041
51.822955,19,4209.476702
36.077679,62,4210.353726
-5.634105,119,4211.868246
45.367134,42,4212.516215
12.651841,98,4213.778916
45.318036,43,4214.599314
11.689286,91,4215.902592
34.841963,69,4216.940943
14.171941,99,4218.322207
-77.093442,194,4220.761808
30.695806,81,4221.842284
33.594,70,4222.798898
24.316423,76,4223.908469
26.676125,82,4224.991717
-14.51769,126,4226.526524
9.511738,106,4227.84218
-17.693325,136,4229.57783
-48.919309,153,4231.4878
41.929966,61,4232.439333
25.469276,85,4233.640053
-56.344308,200,4236.103458
47.706318,38,4236.808997
49.797215,24,4237.292341
21.578298,87,4238.55245
-41.137066,157,4240.595034
-21.951907,135,4242.333187
30.349946,77,4243.518245
49.41272,25,4244.091388
36.763435,67,4245.016225
48.140068,36,4245.606992
47.982838,36,4246.312448
27.108362,82,4247.38212
48.591905,40,4248.105245
52.68696,19,4248.519447
5.244418,97,4249.747633
17.925309,95,4251.059932
-138.419857,222,4253.632058
4.842917,107,4255.011896
42.210351,55,4255.790951
15.314253,96,4257.137304
34.456778,71,4258.18658
-1.861963,136,4259.947013
-20.252728,141,4261.774653
-8.718386,123,4263.405102
-53.224768,160,4265.439173
32.05055,79,4266.578911
3.914113,113,4268.090336
32.189364,77,4269.214262
9.040473,106,4270.645156
-8.093324,124,4272.186956
-53.429109,164,4274.224832
41.76577,55,4275.016199
39.78566,58,4275.93601
-2.297076,107,4277.271745
10.719188,105,4278.70759
23.575976,85,4279.925208
42.669783,58,4280.743454
41.658544,51,4281.486151
19.161997,93,4282.810324
35.847235,65,4283.721198
-0.711849,133,4290.911429
-13.803636,130,4292.599918
20.645626,85,4293.795105
22.601847,85,4295.004156
-27.419925,145,4296.915624
46.207493,41,4297.65611
47.936405,39,4298.377423
34.370894,71,4299.346259
-16.332787,134,4300.968755
-2.388711,120,4302.467648
22.426479,85,4303.726483
-88.613247,194,4306.121199
42.881017,48,4306.932294
-5.299551,121,4308.520924
2.538512,110,4309.920604
17.257396,93,4311.102171
22.449467,86,4312.406855
7.550619,100,4313.659806
16.1174,92,4314.935082
19.617406,84,4316.035059
-47.024082,165,4318.087605
46.879074,41,4318.839049
34.18911,75,4319.94188
30.92015,76,4321.163027
-38.385676,149,4323.012156
-18.894409,129,4324.585647
39.59754,56,4325.496004
33.81447,74,4326.583357
37.216397,58,4327.405984
28.331489,81,4328.607984
-23.876482,135,4330.263193
-6.646742,128,4331.951286
11.424529,102,4333.241451
-20.333422,106,4334.665311
33.839973,66,4335.608112
30.137723,76,4336.720237
12.413438,104,4338.031837
41.142271,57,4338.933999
-19.836621,131,4340.622392
28.173813,83,4341.844476
32.136551,72,4342.917849
40.060999,58,4343.836157
2.287777,111,4345.312887
19.221525,92,4346.592629
47.441479,34,4347.257206
20.464809,91,4348.41282
-20.202456,133,4350.125816
-1.887184,115,4351.581564
42.751052,54,4352.354467
2.550845,105,4353.775551
15.781723,90,4355.048134
-2.432411,115,4356.51514
18.960568,92,4357.798944
46.877093,41,4358.439752
-34.245399,144,4360.336115
-102.50983,205,4362.713393
34.355028,65,4363.712468
30.186737,77,4364.831269
-61.605879,172,4366.933205
30.762726,74,4368.02897
48.025953,38,4368.734417
15.582086,94,4370.045977
-35.838278,142,4371.759786
14.459239,87,4373.009371
23.661655,86,4374.224445
37.446788,61,4375.180413
19.316428,84,4376.378172
-37.677056,149,4378.290411
27.326642,82,4379.350134
44.767163,44,4380.125355
24.887278,84,4381.350211
-80.487941,198,4383.841167
44.992459,45,4384.614657
17.286156,97,4385.977512
4.163786,109,4387.401662
17.883411,93,4388.592231
9.373571,105,4390.074708
51.936169,11,4390.502773
27.877348,77,4391.655616
-5.443392,121,4393.2838
34.882387,63,4394.188909
42.148426,53,4395.100274
-20.544926,135,4396.874942
17.940246,94,4398.241194
-20.048909,137,4399.964902
28.044622,74,4400.948112
37.020973,68,4401.989178
31.973846,73,4402.963357
27.419192,75,4404.063926
39.338984,61,4404.905887
-20.049465,133,4406.621689
37.66634,60,4407.459014
12.994079,101,4408.827668
11.720617,106,4410.254424
2.488546,113,4411.794069
13.357135,100,4413.081588
11.158557,102,4414.548261
20.389037,87,4415.828654
37.467777,64,4416.801821
32.102688,70,4417.840916
25.22701,75,4419.014595
47.634406,41,4419.649032
-24.278311,135,4421.304704
20.53404,93,4422.615649
-28.852592,155,4424.562922
20.371309,92,4425.847373
32.357219,75,4426.993609
-22.97165,141,4428.703617
44.145191,53,4429.471966
13.204352,97,4430.728649
50.527567,16,4431.212503
23.788242,87,4432.436963
21.790183,88,4433.598886
23.231947,84,4434.829066
-41.533312,148,4436.622488
51.208501,25,4437.198981
27.448068,78,4438.328281
25.315532,85,4439.498489
27.993934,79,4440.573865
34.971891,63,4441.629807
-12.486066,128,4443.315864
51.574876,25,4443.893247
-48.191071,135,4445.72485
4.67313,110,4447.105417
23.056469,87,4448.34957
28.448863,81,4449.510641
15.949817,97,4450.865769
19.80519,93,4452.165002
22.513321,94,4453.488516
49.505441,26,4454.0715
34.817065,68,4455.163401
27.714306,83,4456.430857
45.887622,44,4457.204911
39.333765,58,4458.125482
35.251604,67,4459.141803
23.958389,93,4460.35051
50.601673,10,4460.665744
31.138163,76,4461.718403
15.425147,97,4463.087361
7.685171,107,4464.545253
-1.339424,114,4466.116826
51.434058,29,4466.740324
29.869446,70,4467.828515
15.614515,95,4469.165634
10.886947,101,4470.593961
-12.367346,129,4472.302123
10.028075,102,4473.690914
0.541418,113,4475.19821
21.643319,86,4476.328071
44.998727,46,4477.144268
16.610066,96,4478.486235
36.610111,60,4479.432159
-3.688231,118,4481.002239
27.781895,75,4482.012495
-36.064965,145,4483.758154
29.585976,74,4484.868849
37.052538,67,4485.780947
34.719891,70,4486.824435
39.559038,57,4487.73166
48.556068,29,4488.254153
-28.180026,145,4489.98222
45.220553,46,4490.772923
33.753898,72,4491.822378
-110.821312,134,4493.45286
45.45909,48,4494.267606
50.439416,30,4494.794327
52.317112,12,4495.22415
-50.422329,163,4497.323467
-34.055997,147,4499.203008
-63.787507,172,4501.362449
16.528725,91,4502.650952
14.820509,99,4503.901131
10.428653,96,4505.228224
22.539899,91,4506.505308
19.528633,81,4507.664942
-35.925582,144,4509.518734
46.249945,47,4510.331193
16.841337,85,4511.549842
48.259567,44,4512.220321
12.927692,89,4513.469176
34.816259,67,4514.477395
42.416871,51,4515.331636
30.94075,76,4516.447564
-54.160431,160,4518.449831
-23.603304,138,4520.210404
-77.752352,199,4522.64156
-54.55631,167,4524.664588
6.04122,99,4526.078832
30.660166,78,4527.153761
34.99569,64,4528.125193
13.860886,98,4529.47845
6.797432,108,4530.936358
-48.048954,158,4532.979545
23.749296,83,4534.231095
15.714441,96,4535.634768
22.477405,83,4536.839122
37.936338,60,4537.707191
29.012766,82,4538.879884
3.950008,107,4540.314633
-28.514275,145,4542.162404
21.528964,89,4543.422791
-10.837996,126,4545.059939
19.06036,87,4546.189752
19.304115,91,4547.459787
28.744068,97,4548.923863
-12.566452,126,4550.584161
17.626204,90,4551.720486
9.26743,106,4553.0558
46.73623,48,4553.886487
41.181791,54,4554.663276
40.745764,52,4555.419723
15.645344,100,4556.818657
23.187651,88,4558.030579
-13.3861,125,4559.686383
35.894205,68,4560.703008
-6.078552,120,4562.236681
-28.258703,140,4563.931783
7.132724,107,4565.373007
19.296143,88,4572.013668
26.719494,76,4573.042589
46.811469,37,4573.775002
10.702021,93,4575.147625
37.112674,67,4576.188133
40.883493,56,4577.1003
-10.686878,137,4578.873822
47.487395,41,4579.612612
-118.610616,210,4582.180496
-148.907395,255,4585.095657
42.39309,47,4585.798201
43.462788,49,4586.726607
19.935012,90,4587.99481
49.134559,36,4588.688762
29.927397,79,4589.833251
43.917656,47,4590.665976
33.858328,66,4591.692852
7.23824,108,4593.161773
13.029521,99,4594.555927
17.854521,93,4595.870001
23.903622,81,4596.967884
-14.556477,136,4598.729904
-15.464345,145,4600.602815
40.192429,57,4601.464793
51.160387,33,4602.13421
21.446615,85,4603.230541
-19.757616,134,4604.901232
34.166207,72,4605.988782
23.049347,89,4607.154176
12.514212,100,4608.421399
-15.783254,127,4610.08297
-24.887169,138,4611.833835
43.458028,54,4612.714085
45.617501,45,4613.501215
46.17975,45,4614.181528
29.187254,78,4615.312855
28.051565,77,4616.449959
26.894348,76,4617.478171
45.00571,44,4618.249346
13.197841,98,4619.627288
45.427502,58,4620.547482
49.863837,28,4621.156132
24.370992,83,4622.277532
37.954445,63,4623.266772
43.395242,51,4624.112558
26.008899,85,4625.32464
38.362295,63,4626.303996
41.861372,59,4627.155301
24.321561,87,4628.392145
0.454244,104,4629.865275
-61.550587,168,4631.949518
40.896124,59,4632.88317
25.133639,88,4634.120598
9.157443,103,4635.571982
-54.068249,160,4637.591529
23.168952,88,4638.716435
21.183291,88,4639.883091
-11.209568,130,4641.594743
-47.308484,183,4643.831561
-31.320136,148,4645.635173
-6.140475,125,4647.180192
33.249019,80,4648.337649
49.909315,36,4649.030616
43.589722,48,4649.848484
37.514111,64,4650.831142
10.891484,102,4652.126854
25.206193,82,4653.312648
-2.404166,116,4654.845563
24.140713,86,4655.966661
36.52024,66,4656.882493
25.012646,76,4657.882344
32.658486,70,4658.942631
14.51925,101,4660.222301
12.339274,99,4661.584915
23.821892,87,4662.728658
-7.764385,126,4664.430714
49.907629,26,4665.018039
-5.18619,120,4666.498912
-39.116629,151,4668.430027
47.312922,36,4669.112602
20.730182,140,4670.794245
45.025692,47,4671.501541
40.432685,57,4672.325347
-15.960698,131,4673.954175
25.300582,85,4675.192655
-14.624748,128,4676.888653
31.804927,73,4677.856242
4.719138,111,4679.347091
-13.20251,129,4681.02358
19.544776,93,4682.3197
14.159491,101,4683.600685
13.21318,98,4685.004535
37.508187,62,4685.96463
11.778338,103,4687.306069
38.700111,61,4688.153597
45.153661,43,4688.91521
3.715733,109,4690.425483
48.23165,45,4691.116708
28.017515,76,4692.225663
47.90603,42,4692.975853
4.437011,108,4694.348042
26.540853,82,4695.52592
50.173402,17,4696.010722
43.489358,44,4696.681049
-10.318647,126,4698.218512
3.611943,109,4699.691019
47.664066,40,4700.42062
47.100274,41,4701.184856
42.209722,52,4702.040015
-10.95747,124,4703.566597
-39.44446,168,4705.670424
-12.118096,128,4707.424861
38.133001,57,4708.384541
26.28278,87,4709.615472
42.457478,53,4710.481768
-18.212788,136,4712.256682
-26.22776,138,4714.090776
22.564208,89,4715.39486
45.274515,45,4716.279509
30.154694,71,4717.240528
43.818806,47,4718.053704
-22.90733,134,4719.805467
44.717442,55,4720.600421
-45.214551,167,4722.75766
-47.582137,158,4724.746908
33.891621,73,4725.834311
50.026617,36,4726.423379
4.309079,109,4727.883447
2.331294,111,4729.362257
53.12996,11,4729.787111
7.330652,106,4731.115723
-40.050954,150,4733.033593
-47.720503,157,4735.062755
16.966965,96,4736.40098
15.287007,98,4737.750392
24.387377,86,4738.91225
30.868712,73,4740.023904
-219.737066,293,4743.375494
46.949936,38,4744.100154
37.722409,58,4744.914254
52.656743,23,4745.36717
25.48248,78,4746.400727
47.631075,45,4747.082632
49.556897,30,4747.712017
49.174448,29,4748.232074
-14.435385,132,4749.95103
-50.897674,164,4751.90478
30.027011,74,4752.896331
29.212728,78,4753.925493
33.763259,70,4754.983314
25.857122,78,4756.158837
24.618472,85,4757.362688
-13.884311,132,4759.061969
24.581258,80,4760.221046
-0.400315,117,4761.714091
28.133655,76,4762.833149
-60.037239,164,4764.915877
51.157812,32,4765.557295
17.109036,92,4766.754403
9.257165,97,4768.085864
-11.15179,123,4769.702691
19.473202,91,4770.871409
20.107705,95,4772.190885
-18.407546,134,4773.983664
34.704053,63,4774.876034
5.883354,118,4776.360579
40.797245,57,4777.168246
11.205773,105,4778.624842
43.527052,55,4779.42373
30.336101,79,4780.590329
23.585147,81,4781.772644
49.101272,37,4782.378769
-35.343415,149,4784.171597
-38.531585,149,4786.074967
47.890147,70,4787.109776
32.512205,71,4788.156905
-66.820567,170,4790.196791
42.560239,51,4791.036205
32.293906,69,4792.071231
50.556437,21,4792.607177
0.066925,115,4794.148748
31.189453,76,4795.288063
12.620137,129,4797.038373
-29.483101,159,4798.93696
-9.7621,127,4800.603054
6.806802,106,4801.969388
36.184175,66,4802.976023
25.906969,81,4804.047043
-24.571632,149,4805.853077
27.883726,75,4806.983949
31.114401,81,4808.179384
25.458163,83,4809.391086
20.689348,95,4810.606241
32.247489,72,4811.581066
-10.078413,133,4813.303256
20.401358,82,4814.513688
43.398743,54,4815.299692
36.875788,63,4816.182801
52.57781,11,4816.611597
36.098288,64,4817.505608
-3.084295,116,4819.135775
33.582869,74,4820.259844
4.930767,111,4821.769093
50.924976,29,4822.288016
-0.25409,110,4823.688958
14.498367,94,4824.997492
46.268882,45,4825.689434
26.24789,85,4826.907816
46.598673,39,4827.527986
30.021814,80,4828.687164
27.18547,85,4829.887241
1.694463,112,4831.284662
-54.144791,174,4833.503875
-17.492792,128,4835.189035
40.092066,57,4836.102627
37.67417,68,4837.036739
47.616007,33,4837.595206
11.00528,100,4839.02143
-2.260032,118,4840.499043
35.274105,66,4841.443429
22.438721,87,4842.607773
-14.208424,127,4844.307929
44.109908,48,4845.130975
10.734893,109,4846.4891
10.639945,126,4853.925538
31.068893,75,4854.928061
22.486713,86,4856.186078
22.921263,88,4857.442064
23.921049,79,4858.644514
-2.086877,114,4860.148662
-42.295295,148,4862.049189
28.193501,73,4863.124703
-0.772865,114,4864.720052
-42.027902,151,4866.659659
44.697775,54,4867.548169
18.66739,93,4868.84444
23.053738,89,4870.098071
2.402266,112,4871.518017
7.535997,107,4872.860793
1.623344,147,4874.746077
24.023153,85,4875.86279
19.988884,83,4877.051582
35.886143,66,4877.983438
32.472999,73,4879.080318
48.705971,30,4879.711391
28.775449,80,4880.860945
21.555341,86,4882.144692
-23.018008,132,4883.887647
43.260012,44,4884.686364
49.743272,28,4885.197525
43.394535,49,4885.932471
32.573407,74,4887.021995
47.202549,44,4887.707145
35.051331,64,4888.698281
44.031559,49,4889.528471
24.034482,90,4890.723536
20.656018,85,4891.94986
27.687001,77,4893.123059
0.904641,109,4894.662516
19.722431,89,4895.955728
13.189901,103,4897.387825
29.969769,82,4898.591829
-23.808537,149,4900.513079
18.61766,92,4901.694012
9.882275,102,4903.009144
12.864275,100,4904.382935
-20.013549,131,4905.9849
24.413049,87,4907.111284
37.65578,64,4908.130379
14.595975,97,4909.468312
32.451883,74,4910.496953
35.109022,65,4911.541548
-44.637544,154,4913.527673
17.589813,97,4914.921693
39.718277,58,4915.850319
35.662512,70,4916.847989
5.006197,111,4918.344286
39.561973,55,4919.245209
46.486816,41,4919.994567
19.684179,88,4921.242864
8.199289,108,4922.718058
25.219101,94,4924.037205
21.835738,86,4925.160772
15.215883,97,4926.406956
23.337167,90,4927.56454
15.967417,87,4928.805097
10.095383,102,4930.1417
35.515422,63,4931.118186
12.965411,101,4932.492711
15.951563,96,4933.942852
-13.948382,126,4935.658287
3.634112,111,4937.164076
9.979999,102,4938.454774
47.804936,35,4939.133863
35.4537,66,4940.037812
50.347719,35,4940.822616
32.712483,73,4941.900473
26.663637,83,4943.102694
-26.850067,139,4944.906339
42.474343,91,4946.182719
32.440507,70,4947.258669
16.940392,91,4948.542356
-24.685654,146,4950.448911
21.893185,82,4951.535863
13.126398,98,4952.828494
49.962127,33,4953.490258
29.915522,74,4954.502967
3.562184,176,4956.731589
3.508494,110,4958.232445
-6.773691,120,4959.764663
16.296896,95,4960.969339
-42.990564,154,4963.005379
43.756235,48,4963.81519
18.145788,92,4965.002492
-53.927813,160,4967.00687
30.817207,75,4968.025216
5.05942,109,4969.405663
40.640739,57,4970.315135
-3.517149,119,4971.774117
0.093199,115,4973.302273
0.875627,205,4975.819558
-19.672093,158,4977.807148
51.927337,29,4978.425523
-26.133378,155,4980.399131
18.25398,90,4981.697564
28.888907,87,4982.963044
21.129318,86,4984.192545
52.240583,26,4984.78584
45.260907,46,4985.585632
-58.301049,162,4987.653056
4.566688,103,4989.070847
13.756595,94,4990.284014
6.158962,112,4991.801946
21.867735,90,4993.068039
40.934261,58,4993.892143
49.930448,34,4994.464236
-3.098203,117,4996.018803
1.570919,112,4997.417823
-18.134646,135,4999.215135
36.454859,61,5000.182673
-5.22692,116,5001.775292
39.107017,65,5002.809839
-0.708972,116,5004.294354
2.508941,111,5005.695441
46.244827,48,5006.511783
49.064301,35,5007.206229
45.913094,46,5008.001652
38.6708,66,5008.920349
23.426224,85,5010.154824
50.807263,13,5010.617294
29.90446,69,5011.681998
17.945657,92,5012.87391
32.868321,73,5013.960867
33.971131,69,5015.045846
4.398267,108,5016.520671
-8.850145,122,5018.139024
1.294938,116,5019.700778
3.192443,105,5021.11797
13.833042,98,5022.360399
41.02339,60,5023.203436
21.72434,90,5024.354887
38.03838,59,5025.359536
32.458402,77,5026.501745
2.767058,109,5028.006037
39.929687,57,5028.814635
6.05337,107,5030.230516
33.784954,64,5031.121228
48.50364,42,5031.779193
-20.062473,137,5033.586929
-10.111946,123,5035.217199
38.120846,62,5036.190397
33.097491,70,5037.142658
1.337019,100,5038.450403
41.851371,55,5039.249541
28.325803,74,5040.350957
31.805677,74,5041.38752
40.483621,66,5042.300257
18.53728,97,5043.538057
27.052642,80,5044.69455
0.022623,114,5046.223948
39.317471,61,5047.178571
-1.879203,116,5048.781758
-43.634214,152,5050.774995
14.247559,123,5052.389396
19.798983,202,5054.769795
44.991588,57,5055.690377
7.622494,112,5057.207307
50.834564,29,5057.72974
-37.647674,148,5059.595494
-49.043353,160,5061.506493
17.800561,93,5062.809568
50.571475,18,5063.310512
-18.248769,132,5064.919562
18.572919,95,5066.158503
44.428964,45,5066.948875
4.743163,109,5068.437679
-15.29219,128,5070.172559
33.031473,73,5071.16871
21.608112,88,5072.449967
47.480304,41,5073.19738
41.258045,50,5074.045191
20.598966,89,5075.352582
-5.474366,122,5076.89603
46.573842,46,5077.704197
4.190588,111,5079.147404
21.843432,85,5080.256078
15.003256,106,5081.697872
48.596272,34,5082.370871
-9.709731,120,5083.954216
29.397978,82,5085.127439
-70.116656,177,5087.340111
30.884597,65,5088.364377
41.312589,59,5089.298026
5.09187,109,5090.772731
47.607833,40,5091.503875
-22.043993,133,5093.237177
34.637346,66,5094.248266
13.010522,97,5095.592212
13.160436,102,5096.925676
13.640852,91,5098.270442
42.944092,47,5099.076617
-80.574233,193,5101.420781
-142.265283,251,5104.340725
51.403928,29,5104.979865
49.530643,27,5105.479607
41.671548,53,5106.389024
38.068202,63,5107.271307
3.930473,108,5108.646414
35.66075,68,5109.676713
-1.692546,117,5111.253834
43.67076,47,5112.096197
37.243738,63,5113.104179
34.876368,67,5114.023864
45.603866,46,5114.812536
20.885849,91,5116.120772
39.301507,57,5116.936635
14.905555,96,5118.284728
50.239485,26,5118.774144
17.811348,94,5120.081908
38.652004,58,5120.996448
10.630016,110,5122.40103
18.418817,93,5123.878358
-12.158469,151,5125.820553
44.438072,53,5126.6977
22.881454,89,5127.851137
-40.117665,159,5129.863158
51.576038,25,5130.442386
7.014408,144,5138.354986
4.186742,128,5140.011284
46.89673,39,5140.748423
42.504857,55,5141.564718
7.512673,110,5142.95488
33.553741,63,5143.937855
44.862623,49,5144.670841
-9.796125,123,5146.30311
38.65613,61,5147.26712
13.927533,83,5148.458455
38.000266,62,5149.388221
8.134405,90,5150.653628
28.319407,74,5151.753546
34.027391,72,5152.846029
0.819779,128,5154.597108
-6.802647,121,5156.19207
46.283734,43,5156.866657
40.019891,62,5157.858658
4.857156,109,5159.381047
21.125123,87,5160.51969
7.140681,100,5161.835036
41.111127,56,5162.740402
26.006509,85,5163.844131
44.206583,46,5164.553777
50.903582,24,5165.126647
39.89816,63,5166.053013
0.854975,115,5167.501156
14.52688,96,5168.892631
36.969862,66,5169.864534
50.460118,16,5170.341766
17.75535,92,5171.622757
33.510446,70,5172.697383
10.720511,143,5174.662624
-16.784518,132,5176.433065
22.83612,86,5177.7043
22.101542,83,5178.931696
52.096246,26,5179.42398
50.82202,27,5180.022486
18.385098,83,5181.111975
49.907676,30,5181.739446
24.151735,87,5182.986082
33.040008,73,5184.06443
-7.595149,132,5185.790573
40.723712,57,5186.606599
-116.017776,214,5189.278555
11.826772,100,5190.671524
-7.649977,122,5192.281163
8.040965,107,5193.729213
8.489144,109,5195.197777
50.496092,14,5195.569191
19.105892,94,5196.874832
29.032308,80,5197.935191
33.289407,72,5199.008064
-98.007656,201,5201.481716
35.680237,69,5202.43704
33.769849,68,5203.469084
41.754149,52,5204.334155
49.760458,30,5204.97728
46.406498,39,5205.704259
26.440534,151,5207.632524
52.088521,28,5208.145701
51.456444,23,5208.600094
21.772136,93,5209.899752
-72.677427,176,5212.012355
33.882512,72,5212.986361
35.413446,67,5214.005872
50.678469,24,5214.466418
30.054767,78,5215.499309
23.128906,89,5216.652603
-4.613542,119,5218.138196
47.054504,37,5218.838042
49.731048,28,5219.447665
42.062613,55,5220.243576
40.869312,55,5221.034253
12.432826,91,5222.208507
-20.056575,132,5223.961305
39.010395,57,5224.872137
9.711401,100,5226.148275
3.410455,111,5227.640869
18.14109,96,5228.875748
45.142345,47,5229.691455
12.471015,101,5231.061687
-23.083144,137,5232.835979
-16.231993,123,5234.485447
-32.42951,145,5236.379232
5.547302,106,5237.769391
28.428301,82,5238.849466
43.378642,45,5239.641234
16.23362,96,5240.995603
30.614519,74,5242.028178
47.273062,47,5242.734265
50.741423,21,5243.172365
-33.936231,152,5245.151678
44.907871,49,5245.89427
-25.164092,135,5247.663274
38.9298,55,5248.461136
34.557126,70,5249.545856
23.574219,84,5250.704395
4.677656,106,5252.068428
41.883762,51,5252.840492
32.153287,73,5253.921741
-15.516146,128,5255.566227
-17.822942,137,5257.241426
23.548144,89,5258.495755
-8.581511,123,5260.110713
35.150577,80,5261.297127
47.085512,45,5262.099911
6.633465,98,5263.449504
43.199897,53,5264.230809
39.732565,60,5265.07639
-12.82792,129,5266.804967
-59.513067,163,5268.893014
13.262052,97,5270.233915
34.776207,68,5271.265027
7.269385,105,5272.767536
38.632949,59,5273.709582
45.275401,47,5274.431788
11.515866,96,5275.751544
40.627795,55,5276.691565
44.105462,48,5277.511927
39.313765,55,5278.410742
15.109222,97,5279.73458
34.28126,72,5280.812993
35.637597,65,5281.824758
-0.866695,113,5283.229224
-52.491267,156,5285.157144
18.452218,95,5286.380917
39.99532,52,5287.1414
35.046353,70,5288.194553
30.930384,77,5289.341177
-11.449928,125,5290.989534
25.615056,86,5292.133147
8.348709,105,5293.581086
41.591678,49,5294.431021
29.487554,80,5295.492707
-36.407177,151,5297.426158
35.618056,70,5298.48526
12.973171,103,5299.884997
34.605672,73,5300.972277
41.400506,54,5301.864447
9.930302,105,5303.35231
-32.861353,146,5305.127235
-4.674421,121,5306.797499
-43.745641,152,5308.733071
49.557793,27,5309.330942
-7.823858,118,5310.800023
31.990761,71,5311.8538
-192.850101,234,5314.75612
-55.555055,166,5316.856506
24.988342,84,5318.054747
35.61291,68,5318.989639
49.660954,34,5319.661938
37.17301,62,5320.629638
28.118073,77,5321.758352
17.615398,91,5323.047007
37.115893,68,5324.092909
38.066886,61,5325.054657
23.641062,84,5326.253493
41.410871,55,5327.157418
16.62006,93,5328.629378
-37.926698,166,5330.756791
25.046198,86,5331.965948
-16.590689,131,5333.704298
-50.518824,164,5335.831091
15.418148,96,5337.218167
30.952528,79,5338.368623
21.693556,79,5339.526472
33.727798,68,5340.562701
17.41967,92,5341.908326
-168.572826,258,5344.982571
-20.684568,157,5346.966581
26.055345,81,5348.130882
49.518297,24,5348.706275
31.195969,74,5349.70816
28.602316,78,5350.847701
-36.991564,144,5352.750545
41.07217,57,5353.680413
-61.514248,167,5355.758311
19.681214,89,5357.017138
14.865191,99,5358.381629
-18.770526,134,5360.051167
26.036246,83,5361.140815
18.977878,92,5362.467113
17.43756,94,5363.675634
46.236408,44,5364.353274
28.409381,80,5365.510155
-23.653533,137,5367.171608
16.303535,121,5368.854396
31.437942,72,5369.865641
-3.925289,118,5371.417153
3.227875,109,5372.783828
33.405133,72,5373.880345
20.278798,84,5375.068305
22.887012,81,5376.234685
17.336434,87,5377.482219
5.751035,108,5378.944574
18.254047,80,5380.105729
43.374928,53,5380.876536
33.496088,65,5381.883104
50.785637,10,5382.202758
8.251757,108,5383.67992
48.599258,41,5384.423814
25.134157,96,5385.761925
52.802081,12,5386.204795
1.74983,115,5387.644345
50.428423,18,5388.042738
24.992669,84,5389.238205
35.324242,62,5390.228903
-73.02191,180,5392.545442
35.524231,67,5393.466392
19.36539,88,5394.710702
-0.390612,116,5396.265386
-36.680191,150,5398.215526
-2.921004,118,5399.794684
39.23333,61,5400.802937
-14.710833,155,5402.670953
15.777318,99,5404.046592
7.59879,127,5405.625288
-16.819849,134,5407.408207
-18.784555,133,5409.153768
35.788777,63,5410.161485
-52.408018,154,5412.023865
9.600961,101,5413.30777
37.807717,64,5414.294026
22.789824,85,5415.508297
-65.664203,181,5423.903984
49.998742,31,5424.44997
-18.839498,131,5426.169629
49.155766,27,5426.666305
-127.949161,226,5429.536035
-1.542132,111,5431.098993
-84.644829,181,5433.363734
7.224808,107,5434.809381
-2.128825,121,5436.480609
36.550597,63,5437.458784
35.899586,71,5438.535758
31.3463,76,5439.654623
37.236151,68,5440.700062
16.794902,95,5442.020739
41.974861,53,5442.787873
44.4162,48,5443.609089
-23.501849,146,5445.38423
2.038012,112,5446.914967
41.06272,55,5447.753832
7.042095,108,5449.217752
-36.706402,153,5451.109648
33.897169,69,5452.151437
38.456464,51,5453.001035
44.686319,46,5453.80388
42.221476,52,5454.668586
28.00956,77,5455.698986
42.355586,54,5456.512033
33.420059,66,5457.410184
6.843638,108,5458.871605
-12.072147,126,5460.410951
47.755567,34,5461.075876
9.966821,104,5462.505059
22.001677,97,5463.842527
27.721719,84,5465.079944
20.533286,84,5466.190578
47.254674,45,5466.884667
9.151806,104,5468.389393
-54.211098,173,5470.546652
1.249267,111,5472.05056
-9.382328,159,5473.963081
34.39024,69,5474.911108
35.739206,66,5475.818009
5.872226,109,5477.187708
18.294666,94,5478.514158
34.959082,69,5479.544637
44.952918,40,5480.319094
35.913346,62,5481.192024
14.347342,95,5482.41039
-1.361906,116,5483.964222
9.08762,102,5485.354728
25.658434,83,5486.555102
28.905335,77,5487.680856
36.335737,68,5488.708436
-100.303358,193,5491.148276
47.118787,38,5491.860945
-5.66097,120,5493.465775
47.290129,44,5494.236489
23.53347,84,5495.451427
19.587862,103,5496.875548
16.067781,96,5498.205935
16.049501,91,5499.548066
36.749697,67,5500.570131
37.012656,63,5501.452106
-983.609605,400,5506.054923
8.825964,104,5507.370989
-48.195098,159,5509.284167
-35.592975,147,5511.207213
34.217087,123,5512.828804
10.416912,101,5514.200653
-16.114753,126,5515.869987
-14.775276,126,5517.561225
-98.529177,198,5520.006363
0.511716,115,5521.449508
33.352315,69,5522.390293
-35.156194,149,5524.20867
-61.079192,163,5526.313727
-110.443418,219,5529.010797
-4.105276,121,5530.609608
-29.024211,133,5532.368656
45.346077,51,5533.222778
12.326704,98,5534.482067
35.824236,67,5535.520096
37.12093,66,5536.534122
-1.511217,112,5538.046304
39.344855,58,5538.866564
29.303801,77,5539.996503
37.491897,64,5540.901306
-15.932952,129,5542.515208
34.931379,64,5543.405558
51.077693,39,5544.125814
-23.256571,139,5545.83479
39.690532,55,5546.643488
30.537262,75,5547.773044
15.850079,96,5549.043166
-4.938614,118,5550.627112
27.373893,81,5551.799294
45.359415,50,5552.641563
11.983441,103,5554.051743
42.062073,63,5554.934093
36.423425,66,5555.946975
41.518843,51,5556.692602
25.622569,78,5557.728542
15.495071,101,5559.005168
23.071937,87,5560.239343
-15.665724,129,5561.940533
-3.638349,118,5563.514539
-22.366299,133,5565.245915
-22.42934,140,5567.071709
20.396239,94,5568.278528
30.070261,69,5569.225422
18.357798,89,5570.490472
18.761447,92,5571.78134
-23.072947,132,5573.478908
-30.579573,152,5575.433999
38.747004,57,5576.350658
19.984038,83,5577.579924
-45.967115,160,5579.658826
41.460438,54,5580.54095
34.440356,69,5581.587632
12.492367,121,5583.195737
47.791254,35,5583.78041
45.985099,45,5584.466213
43.360714,57,5585.409981
19.979456,92,5586.611722
4.222401,113,5588.13163
-9.965969,130,5589.723136
37.99319,62,5590.68412
2.455272,114,5592.203677
8.919447,108,5593.648278
34.990592,67,5594.668657
49.957269,29,5595.289588
32.655983,69,5596.336709
-27.226068,139,5598.143106
21.162888,95,5599.379453
8.341114,101,5600.77985
36.91062,61,5601.797992
-7.322875,102,5603.10915
35.013703,64,5604.118086
12.910494,107,5605.570301
29.749714,79,5606.642139
52.475242,26,5607.240791
30.870326,77,5608.372874
31.847472,73,5609.470513
45.82296,48,5610.211717
-57.718645,164,5612.325067
12.214136,101,5613.655069
13.100353,98,5615.030871
34.175829,68,5615.965854
13.9711,99,5617.313525
38.817149,63,5618.312795
8.133638,97,5619.545584
29.486976,79,5620.69569
47.942872,37,5621.400069
50.392691,17,5621.804798
39.565129,63,5622.688396
1.276509,112,5624.199358
-15.030101,132,5625.822199
32.222436,72,5626.812474
41.671416,59,5627.743408
0.427617,111,5629.250027
42.667451,51,5630.009408
52.617094,22,5630.558452
34.954988,67,5631.581481
26.356016,130,5633.164177
43.429012,55,5634.057578
39.778692,60,5635.03103
47.216479,39,5635.650088
19.623864,93,5636.990007
23.362021,81,5638.154623
48.84275,29,5638.777555
-29.426285,141,5640.608692
47.81152,58,5641.441959
5.531574,108,5642.904685
48.747419,30,5643.431171
-7.459649,120,5645.021067
28.874363,75,5646.030449
31.691003,73,5647.010157
-21.545493,134,5648.755568
13.744234,110,5650.305541
47.617031,36,5650.923642
1.720775,123,5652.53531
24.802414,88,5653.788615
52.666156,18,5654.294506
41.888284,57,5655.211326
42.875983,51,5655.961234
31.845093,89,5657.223847
-2.119077,126,5658.879696
35.648035,60,5659.721046
33.935648,72,5660.812003
8.616745,101,5662.10027
-13.56074,128,5663.810427
-3.144903,118,5665.340649
17.133149,98,5666.711275
-66.181051,168,5668.841185
13.538933,99,5670.226747
28.518738,78,5671.417993
11.059116,101,5672.809832
42.059973,56,5673.608941
29.814242,75,5674.709291
48.150313,41,5675.368164
29.832524,75,5676.360903
5.552063,105,5677.859683
-28.267391,136,5679.630784
-2.008341,134,5681.460194
-31.414299,141,5683.285001
26.765095,74,5684.38577
17.63247,89,5685.536464
19.596427,91,5686.808507
-110.192453,245,5689.759069
-21.803147,145,5691.62723
26.025275,85,5692.884654
42.591207,59,5693.728056
21.299892,88,5694.888742
-34.211038,143,5696.72899
45.914068,40,5702.336595
41.958956,48,5703.163867
-1.341922,116,5704.600292
19.24076,96,5705.946834
-34.094045,171,5708.129439
-1.680687,116,5709.682099
18.412048,96,5711.014251
45.428768,43,5711.674783
41.676154,49,5712.538722
42.067519,55,5713.341365
14.974902,96,5714.678039
43.118391,85,5715.944937
32.85434,71,5717.011014
24.918268,83,5718.198191
35.692546,69,5719.255654
0.919535,110,5720.74608
-20.453398,131,5722.466455
6.553711,107,5723.910852
13.772787,101,5725.288078
17.845013,95,5726.632666
-5.546446,122,5728.230113
40.74465,56,5729.143039
23.596738,87,5730.415106
36.241692,61,5731.408339
34.276767,67,5732.473199
20.664616,85,5733.700536
45.632392,42,5734.468494
8.556662,105,5735.887223
38.835314,61,5736.846868
15.588979,99,5738.207852
35.355016,73,5739.293915
-16.930061,131,5741.030124
-24.248426,181,5743.212405
25.792934,83,5744.443201
2.681058,109,5745.852746
18.716525,95,5747.076924
36.481935,67,5747.990222
47.00306,44,5748.67193
30.683645,78,5749.847156
-31.596595,143,5751.720946
53.668664,14,5752.184233
21.127601,88,5753.346246
36.758576,60,5754.299219
50.828622,20,5754.821806
29.486386,74,5755.910724
15.854652,98,5757.262426
35.752509,68,5758.294005
35.628507,69,5759.239798
28.850329,74,5760.240305
23.620243,92,5761.528061
17.870122,94,5762.8459
3.650759,113,5764.409486
-7.602241,121,5766.032879
32.307896,69,5766.970283
47.666273,36,5767.662594
46.658902,37,5768.364169
2.213266,110,5769.843228
26.117339,79,5770.999212
1.360479,104,5772.430845
43.84957,50,5773.294261
7.341691,105,5774.745608
-0.162957,114,5776.303911
9.950366,104,5777.719233
18.323816,95,5779.051039
10.334299,102,5780.38818
-1479.06995,400,5785.026188
-40.082289,149,5787.049061
19.011272,91,5788.228685
-473.265536,400,5792.85841
-14.487236,127,5794.53775
12.258916,101,5795.913129
-2.999259,112,5797.425054
28.455173,79,5798.46959
-161.475583,267,5801.577196
26.017447,98,5802.936588
-191.343118,283,5806.324179
42.505126,58,5807.150887
41.022204,53,5807.924176
28.280224,75,5809.0356
-0.473849,113,5810.537322
-11.228739,128,5812.277733
35.583555,68,5813.355201
-1.721168,137,5815.153343
-38.40227,143,5817.030933
3.617342,113,5818.537533
42.56133,52,5819.299067
-47.640157,163,5821.387651
-113.010316,221,5824.059194
43.662267,50,5824.898025
44.8474,46,5825.706576
9.236921,105,5827.050769
30.515247,72,5828.056004
-4.417752,116,5829.526439
-10.215252,122,5831.175312
4.677593,109,5832.652089
-39.536387,160,5834.579097
7.772166,109,5836.044609
-75.542112,179,5838.18618
-40.405463,148,5840.092786
25.13235,86,5841.249927
-116.295587,212,5843.864447
30.133183,74,5844.957919
16.533138,85,5846.22115
49.99485,31,5846.777431
44.880207,44,5847.584437
-25.708927,141,5849.275047
31.48732,72,5850.243656
24.450061,85,5851.489692
33.429823,71,5852.560861
43.691292,51,5853.435699
-506.419421,400,5858.099648
-184.807086,254,5861.114869
27.322366,84,5862.3127
5.437765,116,5863.757979
28.216676,80,5864.923807
-20.823538,137,5866.710088
46.930031,44,5867.484096
20.843953,82,5868.673149
28.128794,80,5869.724941
49.922513,37,5870.431986
45.210876,43,5871.08929
20.660005,90,5872.358212
-78.92928,201,5874.822246
46.318775,169,5876.847957
43.421764,49,5877.672968
18.248574,92,5878.965438
36.585979,65,5879.997394
28.365155,78,5881.030725
20.71289,92,5882.278461
49.435338,28,5882.914631
45.64392,45,5883.71401
49.795655,29,5884.339941
-22.40017,140,5886.161801
-42.802496,150,5888.154924
22.180246,86,5889.276782
2.394059,112,5890.775866
39.693863,54,5891.674244
21.173811,82,5892.895974
15.212326,101,5894.189576
6.805941,108,5895.652798
44.935695,45,5896.456119
-111.236763,220,5899.341003
49.678418,36,5900.032084
14.804956,95,5901.252614
45.726363,45,5901.958122
43.365661,54,5902.74292
32.33727,74,5903.760542
46.856358,35,5904.339838
11.684859,98,5905.701145
-3.582455,118,5907.190494
38.829374,63,5908.170108
41.830651,55,5909.115911
-56.620806,181,5911.390238
33.244546,72,5912.397782
0.056567,123,5913.952813
40.124453,57,5914.850836
50.542877,30,5915.481641
21.115441,89,5916.674254
48.685686,35,5917.258206
-168.19543,181,5919.522552
48.671316,33,5920.186696
48.379067,38,5920.897054
-1.831897,117,5922.392248
49.142485,35,5923.067215
12.799868,96,5924.330758
33.155869,70,5925.382623
-12.312717,111,5926.826704
49.401937,28,5927.432539
29.897462,75,5928.440701
4.446427,107,5929.790045
23.724865,84,5930.990636
21.748212,91,5932.159199
16.768089,99,5933.539213
-1.999738,105,5935.032156
16.671038,94,5936.375596
15.202392,98,5937.776656
5.838589,108,5939.260744
-72.210706,184,5941.546424
52.160166,27,5942.151299
21.666262,95,5943.482639
13.131011,97,5944.831832
-8.505729,122,5946.36987
5.918575,122,5947.984787
26.350459,80,5949.030385
-22.833095,142,5950.870079
39.660418,57,5951.789428
33.135281,74,5952.913972
38.147289,62,5953.889444
-2.458154,123,5955.570203
31.148711,74,5956.675761
26.059489,84,5957.797533
29.288844,73,5958.883492
34.704677,61,5959.797291
24.691922,76,5960.947886
22.00474,81,5962.12457
50.120541,34,5962.811512
41.249069,142,5964.555974
22.686197,86,5965.782653
12.662334,91,5966.964919
42.614956,51,5967.828015
26.112212,83,5969.021828
-25.7395,138,5970.813138
10.651838,103,5972.231829
9.29337,104,5973.532827
49.190127,29,5974.144282
-1.241866,117,5975.622935
-14.672988,118,5984.022437
-79.805318,187,5986.229277
36.743549,61,5987.089638
42.193837,52,5987.860716
33.247308,76,5988.984186
41.614668,52,5989.852702
19.765945,91,5991.075616
-17.442235,128,5992.69341
37.098208,69,5993.75963
16.814428,99,5995.125664
23.82483,86,5996.366832
37.204874,64,5997.28199
40.792637,58,5998.24938
38.98141,60,5999.108429
29.585394,76,6000.226059
41.6903,56,6001.15152
43.110063,46,6001.844527
-22.717855,138,6003.632519
41.015995,57,6004.542854
33.038849,73,6005.525837
40.40735,54,6006.456311
20.419146,90,6007.741974
26.559251,82,6008.957832
6.636686,103,6010.379708
-24.682214,136,6012.047008
44.160166,50,6012.782259
11.561319,106,6014.116291
-9.726606,123,6015.74461
50.249165,16,6016.13127
-9.839366,122,6017.652613
30.015223,75,6018.708839
28.53097,77,6019.849599
-31.508552,149,6021.753897
27.29326,83,6022.957168
29.547517,81,6024.128949
-103.709189,198,6026.60346
-11.672758,108,6028.06153
0.591807,101,6029.461003
-62.812087,193,6031.747977
14.349432,97,6033.083878
33.616125,73,6034.245617
50.521937,34,6034.915911
-49.869244,156,6036.880016
44.523079,53,6037.762153
41.426511,69,6038.797447
4.115857,121,6040.385193
16.277687,93,6041.689146
26.038065,73,6042.7802
23.069334,87,6043.926882
30.725407,71,6044.988399
25.412292,80,6046.150591
36.852766,66,6047.067674
29.137008,78,6048.109645
2.625302,110,6049.616703
31.842004,70,6050.607978
-0.511932,121,6052.229906
47.195553,45,6053.019574
-27.161547,147,6054.914987
8.413478,110,6056.303992
51.330908,30,6056.933849
-23.22645,133,6058.699038
49.985354,22,6059.239232
21.664183,89,6060.488899
2.435972,105,6061.957677
38.440637,63,6062.863812
-63.682352,200,6065.243883
50.332006,28,6065.872587
-208.827684,302,6069.417692
-37.480699,148,6071.35407
13.970476,95,6072.684936
-27.92669,141,6074.504411
-49.323838,154,6076.363273
-4.121214,116,6077.911859
22.545217,89,6079.160961
27.804188,78,6080.312112
30.745796,71,6081.388189
-32.832349,144,6083.238187
-24.59772,139,6085.042048
-22.480161,137,6086.850903
46.821405,40,6087.487632
3.253454,111,6089.021595
17.752917,95,6090.318149
-0.129153,120,6091.90266
-0.858696,113,6093.41453
27.492065,81,6094.584623
31.43586,76,6095.709147
38.726198,61,6096.684094
49.484095,33,6097.350212
21.065708,89,6098.516758
37.946039,62,6099.485667
-17.625991,124,6101.113672
14.749846,100,6102.502231
39.433103,60,6103.453779
45.868169,41,6104.212654
49.450443,38,6104.922716
38.44614,74,6105.925016
-8.595846,123,6107.443877
0.287373,112,6108.94924
-4.48622,115,6110.442151
5.549548,111,6111.935719
11.866899,99,6113.304468
42.148054,51,6114.054527
33.422399,71,6115.004222
35.773645,67,6116.018001
7.715435,105,6117.346199
16.671591,95,6118.664901
42.063984,48,6119.529474
-59.699601,167,6121.527217
7.77596,102,6122.950537
48.599898,39,6123.577502
33.295638,64,6124.499872
42.79441,50,6125.248171
27.393218,80,6126.436721
36.614076,70,6127.387996
23.133511,86,6128.631092
46.241009,41,6129.380384
-42.825247,152,6131.368868
-3.461221,119,6132.993292
-103.632721,201,6135.36225
28.172266,77,6136.41148
41.629277,49,6137.262528
40.47293,57,6138.189495
5.521075,109,6139.674428
31.580724,75,6140.783674
43.038535,60,6141.674245
24.232829,76,6142.692987
6.042634,106,6144.13211
14.694078,93,6145.44251
3.143671,111,6146.837867
51.326449,31,6147.480304
22.823648,85,6148.693951
23.35807,86,6149.820136
2.570521,112,6151.359088
47.191263,44,6152.148434
-44.456881,144,6153.939161
37.402827,65,6154.94854
22.311582,77,6155.970587
17.486636,94,6157.293704
43.019418,51,6158.139692
32.197163,63,6159.05406
-39.689657,158,6160.958189
29.365014,78,6162.121196
16.921,94,6163.440149
-165.496053,253,6166.363787
24.214319,88,6167.624938
44.887068,45,6168.421832
21.740614,80,6169.575025
-166.9224,268,6172.793108
-105.347271,208,6175.368543
10.231756,131,6177.154493
7.654521,96,6178.513608
38.271637,66,6179.538695
24.645436,81,6180.721234
-7.32027,131,6182.499581
29.627704,76,6183.643171
13.89683,116,6185.208382
29.532729,76,6186.325771
-10.840943,131,6188.058824
-0.446463,120,6189.559001
23.381411,87,6190.798074
50.468325,17,6191.183383
34.221591,71,6192.257562
27.08454,77,6193.421932
0.620804,116,6194.973878
-3.806593,115,6196.408238
-26.40898,136,6198.199336
30.21189,80,6199.269773
23.814251,90,6200.53666
-3.340519,127,6202.227829
41.01981,54,6203.120497
0.080322,116,6204.676937
18.373711,91,6206.004838
-76.328195,176,6208.11744
32.136441,67,6209.195234
16.632209,100,6210.569924
39.452061,59,6211.519758
15.959876,93,6212.812215
34.002699,67,6213.832899
26.812573,84,6215.026345
27.338649,81,6216.092786
5.581274,107,6217.540197
-30.792285,143,6219.406389
37.762082,62,6220.277591
15.329506,99,6221.556377
36.492476,62,6222.526054
-64.421217,167,6224.704289
38.412348,63,6225.718456
-71.653624,202,6228.311541
47.468128,40,6228.95532
49.895658,24,6229.529745
43.857212,50,6230.295113
-5.336706,119,6231.979171
4.415444,98,6233.490567
36.482585,62,6234.50105
14.621938,101,6235.892631
29.716006,75,6236.931469
46.487566,36,6237.658186
31.112166,74,6238.798838
-53.07072,164,6241.024215
5.893619,109,6242.448749
50.293485,12,6242.787968
2.697711,119,6244.421741
10.15462,104,6245.902694
39.970816,59,6246.809724
7.281618,103,6248.241215
4.051782,111,6249.705719
23.769486,89,6251.028782
26.411846,81,6252.200174
25.793358,78,6253.276134
47.594222,42,6253.971403
-21.08711,135,6255.772062
31.64995,78,6256.955877
13.779932,87,6258.227533
-143.365344,286,6266.511645
16.447022,88,6267.756464
-11.540852,126,6269.443318
37.068607,69,6270.494851
10.022304,107,6272.002105
32.263614,66,6273.019829
36.640757,65,6273.930957
29.184243,80,6274.99413
52.516358,18,6275.395895
-49.256313,160,6277.466372
26.077304,79,6278.615551
34.614821,65,6279.527057
4.669683,110,6280.966562
40.717337,55,6281.865461
-72.206561,178,6284.100943
-118.11187,253,6287.009606
44.354387,44,6287.685836
37.017465,62,6288.675953
-0.10238,115,6290.241246
45.241436,47,6291.047151
35.557854,67,6292.057148
45.081207,49,6292.783848
7.643882,105,6294.220569
-3.052457,121,6295.82735
30.711617,77,6296.867382
35.782833,70,6297.914231
12.758666,99,6299.207268
33.185925,71,6300.278622
43.574131,51,6301.032634
49.465339,33,6301.586545
39.543374,62,6302.559087
15.345347,96,6303.878402
45.671025,35,6304.487827
38.37383,59,6305.339988
16.571967,92,6306.709281
-11.985687,126,6308.398036
26.898721,76,6309.512922
35.030762,67,6310.533167
-49.695594,157,6312.448189
15.834338,96,6313.681936
25.590077,85,6314.898543
-2.600037,117,6316.464029
-39.904599,149,6318.318052
32.333457,64,6319.306656
51.175224,38,6320.026831
31.184557,79,6321.198861
-20.295484,133,6323.002584
10.529793,92,6324.208773
48.31613,40,6324.85068
48.679338,35,6325.429873
20.089539,88,6326.691309
15.974503,96,6328.01383
30.783473,75,6329.118495
29.196354,82,6330.207735
-26.768583,136,6332.024646
13.009636,96,6333.369341
11.465206,99,6334.739866
-9.055427,132,6336.470974
41.392722,50,6337.331321
45.730328,41,6338.080487
22.408955,81,6339.155676
47.912049,50,6339.997867
34.525581,72,6341.084128
21.533104,90,6342.242214
-54.677898,165,6344.230688
51.759244,30,6344.867497
48.005693,33,6345.427997
-3.590614,114,6346.964952
24.7676,87,6348.090759
-12.482108,129,6349.766606
16.99823,96,6351.131649
27.583592,79,6352.282301
16.26893,98,6353.563706
28.002342,81,6354.725351
49.280665,38,6355.443911
-73.374753,172,6357.644934
16.843985,94,6358.94769
40.591115,56,6359.744843
31.86486,64,6360.741155
33.2259,75,6361.851845
42.922692,116,6363.305942
44.192188,46,6363.999642
37.33103,81,6365.087009
19.609325,93,6366.298645
33.80714,76,6367.318583
53.037254,15,6367.786736
18.474565,94,6369.101585
7.948221,109,6370.571917
29.709601,72,6371.701869
39.801513,61,6372.663472
41.299798,58,6373.609829
14.716485,93,6374.973655
45.832438,43,6375.635122
49.98728,35,6376.329708
-74.785354,174,6378.603715
6.641304,106,6380.058659
11.52123,98,6381.321397
24.314338,91,6382.614072
38.895187,59,6383.609004
-11.486544,124,6385.276517
45.055129,50,6386.014894
13.979123,97,6387.376901
9.261475,102,6388.69845
41.269102,53,6389.586564
-4.684893,123,6391.122066
39.549118,56,6392.036243
40.403838,62,6393.010576
21.565607,86,6394.241954
9.23845,103,6395.659803
10.498912,97,6396.9366
-15.597673,141,6398.843239
31.381211,75,6399.860205
25.70981,80,6400.974866
15.534398,94,6402.333607
50.367038,32,6402.881288
-71.763995,182,6405.061486
26.560627,72,6406.136047
36.917032,60,6407.082749
44.246154,46,6407.783261
31.373581,66,6408.788919
11.404081,101,6410.080382
32.575174,72,6411.057907
35.49478,70,6412.017943
35.935222,58,6412.947543
-89.481091,218,6415.491701
16.780361,94,6416.71423
39.321996,59,6417.652201
17.701206,96,6418.986956
15.79508,97,6420.401854
19.729024,82,6421.511433
-11.720804,113,6423.031683
-83.470439,186,6425.335301
16.101579,95,6426.664501
35.260284,66,6427.663407
19.189373,90,6428.932905
31.301765,71,6429.883819
7.220587,120,6431.475654
8.904056,107,6432.9901
34.020749,70,6434.062524
11.842584,98,6435.414907
39.360955,63,6436.399316
-5.398374,115,6437.839953
26.116476,80,6439.029948
-17.583555,131,6440.76178
37.820768,64,6441.792137
2.704764,111,6443.191576
-17.287809,128,6444.905318
5.411126,107,6446.294688
41.205092,56,6447.198824
8.905643,100,6448.477962
28.712069,78,6449.630058
-82.027666,182,6451.893375
-78.08122,189,6454.215092
33.126643,69,6455.252759
-103.31163,200,6457.622958
33.752436,70,6458.67398
-36.880581,146,6460.53962
-17.852759,134,6462.344257
-3.518448,118,6463.808655
-4.206018,116,6465.360224
19.444815,92,6466.563599
14.538728,100,6467.936177
12.428816,96,6469.264416
29.70056,77,6470.39447
31.662035,73,6471.486362
26.760924,83,6472.701251
34.008611,66,6473.725737
-33.711057,150,6475.540226
-76.486998,173,6477.773207
27.947824,83,6478.973351
50.768138,18,6479.377996
44.481124,47,6480.084256
10.376893,103,6481.513888
34.018256,67,6482.574609
27.861416,81,6483.791565
18.547146,89,6485.046169
25.373069,83,6486.168787
40.404857,55,6486.953269
33.027149,77,6488.082796
22.350521,97,6489.416938
41.826273,51,6490.27042
41.20314,56,6491.187264
18.504341,92,6492.389022
17.739916,88,6493.638258
-97.58063,234,6496.53317
46.707424,40,6497.268338
37.589452,62,6498.132536
41.400493,54,6499.013491
-0.746316,112,6500.427154
21.313451,83,6501.534842
20.428587,88,6502.838302
14.371301,101,6504.249936
-113.537989,267,6507.454954
29.054918,80,6508.632593
-28.608949,156,6510.529999
22.234513,84,6511.737049
-48.718087,159,6513.664812
-68.709778,185,6516.014498
38.841539,64,6517.009897
40.99423,55,6517.898406
45.484527,48,6518.616137
-21.677652,134,6520.250596
16.951682,85,6521.47146
11.634065,93,6522.771585
-15.914259,133,6524.403911
53.057908,19,6524.920895
-4.1385,118,6526.49644
8.474556,104,6527.854065
-15.918299,127,6529.534122
23.552026,84,6530.730112
-17.41998,134,6532.491395
15.086655,98,6533.743633
2.724834,113,6535.262466
13.951741,91,6536.463549
1.126171,111,6537.966067
45.891341,46,6538.761551
-7.067317,144,6547.423657
30.330911,82,6548.608484
31.576077,68,6549.543446
3.657073,122,6551.196347
20.276684,88,6552.349466
2.586291,112,6553.907689
46.095549,40,6554.553246
35.802543,68,6555.617062
-29.661944,143,6557.464831
42.007076,51,6558.357948
14.430276,102,6559.662146
1.571404,115,6561.320087
23.954205,75,6562.418226
9.849766,104,6563.825959
25.249363,86,6565.030577
44.080496,44,6565.711875
45.877951,42,6566.509109
-4.404862,152,6568.362571
19.046931,90,6569.653558
14.612483,99,6571.061244
39.343041,64,6571.939332
24.133557,87,6573.207849
39.336117,59,6574.211107
25.155801,83,6575.458879
20.582587,86,6576.694969
-17.159105,128,6578.395441
36.081348,65,6579.294416
16.132397,99,6580.656738
2.998812,109,6582.164023
13.152191,99,6583.590364
1.96311,111,6585.083902
-10.832479,120,6586.696329
31.327581,74,6587.790371
18.351632,92,6589.07607
22.885705,90,6590.345684
42.394602,54,6591.295302
47.056736,44,6592.077246
40.824372,59,6592.908416
-6.683981,121,6594.437874
-13.442347,125,6596.044931
41.658331,49,6596.77511
41.704811,49,6597.602775
-4.128376,118,6599.069627
29.298688,79,6600.225996
24.103651,86,6601.458708
13.463732,96,6602.782842
18.937923,93,6603.996706
35.283714,61,6604.852795
34.829649,63,6605.828523
2.979143,112,6607.353063
28.369219,73,6608.499831
-44.042166,161,6610.57315
26.397672,83,6611.785364
23.309163,82,6612.905295
36.775697,65,6613.846154
36.999456,61,6614.813816
39.328002,64,6615.718447
-50.532918,155,6617.766082
41.543319,52,6618.670164
37.101007,60,6619.672947
-80.788718,183,6621.929101
-7.845456,111,6623.326151
29.710656,68,6624.27521
8.653727,106,6625.638548
27.133954,77,6626.673574
24.642818,86,6627.903383
-15.15367,130,6629.505375
-9.49325,121,6631.123534
-17.037605,133,6632.868855
-10.14237,123,6634.467821
23.218344,91,6635.749255
0.939816,116,6637.20835
-0.598058,115,6638.773682
41.693949,53,6639.546205
-3.815424,120,6641.140529
9.286688,100,6642.462912
29.89785,80,6643.617795
-2.385511,136,6645.391459
18.166138,94,6646.613313
-25.036511,153,6648.552779
51.636821,29,6649.169182
9.369763,104,6650.615835
21.098565,88,6651.769885
45.065945,54,6652.557626
50.5539,21,6653.092534
19.64602,90,6654.44658
25.856034,81,6655.611471
-17.591025,134,6657.389391
29.761659,69,6658.512925
38.193466,61,6659.469104
10.814262,103,6660.790372
48.403846,31,6661.342025
29.715779,78,6662.486111
48.582144,38,6663.204028
33.918605,71,6664.319843
33.916707,70,6665.310288
-103.340248,205,6667.912652
5.03343,107,6669.449219
26.992467,79,6670.597332
-25.003775,137,6672.458274
48.114574,44,6673.236311
20.143831,111,6674.727532
21.912939,87,6675.869974
41.327512,54,6676.747548
29.221693,78,6677.797747
15.434652,100,6679.232629
26.979602,78,6680.389609
16.614167,94,6681.69309
20.822243,89,6683.025294
37.652555,61,6683.993688
-2.751096,116,6685.543342
50.551562,31,6686.185995
5.688972,109,6687.679374
52.665275,15,6688.164207
41.270731,53,6688.981705
33.744732,65,6689.930293
-24.835282,148,6691.869155
14.34855,101,6693.266412
-37.710239,143,6695.003719
-66.712788,174,6697.073146
28.997453,79,6698.242546
43.657981,48,6699.08376
16.463189,83,6700.16223
46.704883,37,6700.764908
-0.375879,113,6702.320971
-9.62324,123,6703.954816
29.04315,76,6705.070883
43.43315,62,6706.046578
44.946865,44,6706.711624
1.94182,114,6708.299152
12.341674,95,6709.633764
14.066435,102,6710.935912
20.278431,77,6711.952073
10.34739,106,6713.420745
25.877097,82,6714.636207
25.610449,85,6715.855198
-32.254136,141,6717.660366
25.98105,83,6718.767164
-239.745991,306,6722.438061
26.699347,84,6723.646061
6.979813,108,6725.021088
0.604425,115,6726.568301
-4.01949,119,6728.185009
3.32686,110,6729.694488
-14.770134,129,6731.393872
3.247009,108,6732.870016
36.133493,61,6733.851809
-2.432314,120,6735.565329
-72.612867,176,6737.67096
44.656726,43,6738.462491
15.745478,98,6739.881348
1.620611,113,6741.406639
10.800111,105,6742.725999
23.499415,92,6744.040762
22.359525,87,6745.276258
14.997703,96,6746.65504
-7.051328,117,6748.224104
31.798356,75,6749.350865
22.817841,82,6750.547456
-1056.585078,400,6755.202532
18.433017,83,6756.399062
28.243257,76,6757.529384
47.397971,40,6758.184944
8.889476,99,6759.571929
50.78959,29,6760.194134
13.326603,90,6761.388004
47.597385,46,6762.241884
-1.275753,116,6763.907625
20.80043,91,6765.19046
2.434863,111,6766.789202
40.23233,65,6767.796109
18.714091,90,6769.062874
-5.286881,117,6770.622062
34.902586,72,6771.755641
-3.939024,116,6773.356763
-82.756231,182,6775.63403
5.477375,108,6776.994481
20.765327,86,6778.250294
20.659632,88,6779.610417
-123.156907,225,6782.252636
38.184896,63,6783.232116
14.578173,100,6784.678818
-143.891642,227,6787.320377
1.009048,114,6788.874568
29.257071,73,6789.961561
12.680431,97,6791.318923
28.594542,74,6792.319813
36.337559,63,6793.301347
47.050726,42,6794.055694
16.618701,99,6795.458377
-27.714153,246,6798.521054
30.672273,79,6799.587378
10.967643,104,6800.969357
48.910166,28,6801.581621
41.303645,52,6802.371826
27.275389,80,6803.433788
27.75765,81,6804.519664
46.220003,39,6805.25893
35.216911,63,6806.168121
15.130589,97,6807.476923
-125.772042,241,6810.367195
-10.67925,120,6811.96452
19.163211,90,6813.187842
9.535769,103,6814.629013
35.814572,67,6815.587425
23.921789,99,6816.901443
43.911322,53,6817.719802
-23.15642,137,6819.566711
-5.518176,117,6821.206676
19.6783,90,6822.564481
2.462343,100,6827.983254
-3.292684,115,6829.471437
-1.665731,111,6830.940489
27.890975,85,6832.093215
-50.120087,155,6834.051484
36.948144,68,6835.030382
25.188893,85,6836.314962
-11.692069,124,6837.965361
-12.604579,133,6839.651873
-21.501338,132,6841.490389
-5.494916,123,6843.199473
45.646007,41,6843.89555
-35.199646,149,6845.776563
-31.40358,144,6847.678133
52.36604,19,6848.095668
20.817841,86,6849.260044
-26.099296,139,6851.014787
38.43189,59,6851.975586
23.394617,84,6853.154121
46.666914,45,6853.868784
32.615645,65,6854.829577
6.277864,106,6856.261113
53.518181,14,6856.637753
-29.10169,145,6858.608818
-0.742037,115,6860.110723
15.537247,97,6861.423047
30.488315,76,6862.496113
32.703581,69,6863.514056
23.82812,90,6864.719851
9.44438,100,6866.057987
16.784643,95,6867.31951
-14.649874,131,6869.168786
-8.111416,123,6870.805913
52.704686,24,6871.298952
19.083426,94,6872.604395
22.600661,88,6873.788791
8.547702,107,6875.174789
31.251521,97,6876.432656
-154.933035,254,6879.498087
29.819651,76,6880.645552
44.712623,43,6881.434215
33.012127,71,6882.511045
44.863757,44,6883.21215
26.678325,80,6884.305813
28.978092,76,6885.435493
31.133696,73,6886.437425
37.526236,64,6887.432268
24.471782,83,6888.65407
32.769211,65,6889.556834
31.102199,79,6890.702298
11.741985,106,6892.179837
-72.731773,196,6894.58446
36.059076,68,6895.624161
8.830665,96,6896.849961
27.440277,85,6898.069204
-5.253202,118,6899.630132
-6.490403,118,6901.234051
37.697514,65,6902.231153
18.216055,79,6903.384308
47.773039,35,6904.064819
15.469507,99,6905.341729
-13.435299,130,6906.938263
-4.127785,120,6908.439444
29.867098,76,6909.558644
42.217985,48,6910.387959
38.078032,60,6911.364853
50.742211,68,6912.415651
20.133153,90,6913.694274
1.987592,114,6915.255184
35.539087,67,6916.280865
44.536004,46,6916.979401
32.034266,87,6918.227671
22.341853,97,6919.580798
28.372221,80,6920.730947
-47.076169,155,6922.745277
36.055753,64,6923.662055
41.951402,57,6924.494739
40.4176,53,6925.308529
21.837283,87,6926.498582
42.991337,49,6927.329666
13.351533,122,6928.945172
42.020009,52,6929.812258
-58.507809,162,6931.862445
34.382647,69,6932.914979
-30.211609,145,6934.769151
29.397268,78,6935.923471
45.661404,47,6936.643466
53.122825,21,6937.199911
-25.794693,138,6939.042645
39.073568,61,6940.054597
25.178765,80,6941.197964
-6.539309,120,6942.809047
-171.315103,245,6945.740144
26.680436,82,6946.822242
46.533993,40,6947.56044
-28.833215,201,6949.923962
-8.482781,129,6951.636253
29.45355,81,6952.721316
-11.128361,129,6954.46317
16.985005,99,6955.838368
41.049121,58,6956.706447
19.322249,92,6958.009175
4.03231,106,6959.450412
37.162908,65,6960.353033
48.75497,31,6960.995547
12.545106,99,6962.427162
15.657803,93,6963.720843
41.557329,48,6964.535989
3.101947,112,6965.946125
-2.815444,121,6967.455082
47.206774,47,6968.176522
33.414973,71,6969.253357
42.581108,57,6970.18235
47.314189,36,6970.769644
30.10285,84,6971.87113
50.006632,28,6972.479294
37.315409,57,6973.394246
50.823233,34,6974.082536
-4.511731,119,6975.549321
-3.392782,119,6977.134045
28.868342,78,6978.284467
37.28758,65,6979.308856
9.5346,106,6980.752709
-23.85567,133,6982.50316
48.856323,34,6983.182751
49.329618,33,6983.849836
9.79155,105,6985.289361
49.806122,37,6985.989894
51.074933,32,6986.644583
42.698625,48,6987.366134
-116.132882,211,6989.860937
52.645465,19,6990.38196
-9.127279,114,6991.931296
25.31189,85,6993.170007
40.886696,54,6993.944885
37.51277,60,6994.891291
16.954046,93,6996.211216
-18.604303,129,6997.916333
-8.993085,122,6999.427441
23.430334,89,7000.583175
-27.310309,142,7002.417668
-6.603534,118,7003.998315
40.992121,54,7004.89314
52.938233,15,7005.362784
20.934901,89,7006.643737
48.075831,133,7008.395958
9.267168,104,7009.833017
-7.952218,121,7011.454131
-11.347316,137,7013.175778
16.60308,93,7014.400196
6.351475,108,7015.93076
14.596737,103,7017.393488
51.208996,25,7017.972024
17.309693,109,7019.446914
53.47417,18,7019.946985
32.356712,74,7021.03922
42.317198,53,7021.967419
32.690561,69,7023.030539
2.628926,109,7024.545847
28.985582,80,7025.636627
34.72283,71,7026.7156
37.602497,59,7027.710317
22.157014,88,7028.914237
10.585883,100,7030.22645
42.156108,51,7031.136069
44.481534,49,7031.859093
-0.867218,115,7033.399797
27.573388,73,7034.491149
25.329491,83,7035.681646
1.104628,122,7037.302692
43.92558,46,7038.100132
49.038593,27,7038.59677
11.328296,96,7039.927345
19.425023,91,7041.255845
35.853395,66,7042.262805
44.424231,44,7042.937377
32.38329,68,7043.8682
-16.957033,131,7045.618329
-43.40812,179,7047.97349
-44.386387,150,7049.907147
-8.649367,125,7051.449922
37.354027,68,7052.492861
37.44961,62,7053.367272
40.344605,52,7054.14916
45.22223,42,7054.911552
-61.002308,163,7056.871243
31.797664,77,7058.00439
50.939065,20,7058.424262
27.949221,75,7059.431436
45.371561,47,7060.232401
46.149893,40,7060.964256
22.357966,80,7062.129455
17.722984,92,7063.324633
4.782244,109,7064.802166
38.169307,62,7065.771534
26.261382,77,7066.916498
46.557086,52,7067.79078
24.366451,83,7069.026571
22.043288,87,7070.244914
11.887614,104,7071.568285
17.782996,95,7072.897273
-19.589536,129,7074.513786
11.374748,93,7075.8265
36.985143,66,7076.743374
6.091237,106,7078.089226
32.188248,77,7079.226728
21.256396,92,7080.525326
51.378072,28,7081.03348
28.544531,78,7082.058887
48.242367,32,7082.709914
0.96002,111,7084.202334
11.817741,98,7085.559425
42.565762,54,7086.444369
35.395079,58,7087.373134
-199.610834,258,7090.339866
-7.018663,124,7092.039228
40.687736,57,7092.872007
-12.548025,128,7094.453949
24.321037,81,7095.627353
17.650624,89,7096.963709
15.34844,89,7098.231666
25.259355,83,7099.433886
6.099132,106,7100.922316
24.509631,86,7102.136106
41.404372,58,7103.065519
30.795785,72,7104.047137
-18.010757,132,7105.711027
15.474112,88,7107.065025
-71.274526,247,7116.296623
41.214881,60,7117.141287
-94.652327,211,7119.762013
48.018606,113,7121.172107
16.384635,95,7122.428157
17.554658,93,7123.746298
-13.424107,125,7125.384428
37.276267,61,7126.341529
29.146792,79,7127.497069
42.144642,52,7128.363497
-1.210112,116,7129.919231
-15.250506,130,7131.647511
-45.158916,152,7133.595907
49.824779,24,7134.177853
20.329416,86,7135.339023
40.695715,51,7136.256569
6.558698,116,7137.802357
-157.289202,232,7140.66722
49.175446,31,7141.312681
10.7976,101,7142.604046
32.73209,72,7143.737929
51.528949,23,7144.298982
50.492972,33,7144.852246
-16.113324,135,7146.646099
36.025773,68,7147.740273
51.618795,27,7148.342041
28.116645,81,7149.540306
30.530994,75,7150.685177
35.467086,69,7151.734329
19.683152,90,7153.020763
16.588682,101,7154.303001
-28.434541,140,7156.128779
-39.193005,146,7158.022818
-49.831493,154,7159.971679
-73.632941,185,7162.262061
35.301941,68,7163.188818
-106.93885,209,7165.868969
-27.487707,140,7167.672307
23.892179,88,7168.92286
-7.964456,123,7170.576633
8.852374,110,7172.041743
16.401729,97,7173.40339
1.559878,113,7174.829036
25.074786,82,7176.003557
42.682102,58,7176.928333
38.013365,69,7177.967317
-31.222541,150,7179.806117
-69.682009,175,7182.020471
14.657458,99,7183.393409
0.935515,124,7185.063374
34.509681,68,7185.988546
5.685485,105,7187.474188
28.307023,72,7188.540866
10.456815,101,7189.827294
16.94359,126,7191.58012
32.121897,70,7192.638162
35.394406,71,7193.71128
52.524299,20,7194.234386
32.178852,63,7195.207435
21.583066,90,7196.377949
-14.62366,133,7198.157753
31.764754,75,7199.210531
52.86024,22,7199.652487
30.061537,77,7200.67645
40.658968,50,7201.52103
27.469678,75,7202.515177
13.121767,97,7203.838759
1.808217,114,7205.354181
1.823527,102,7206.753411
53.06196,21,7207.18246
-14.553194,131,7208.937828
36.02918,70,7209.890209
15.19822,96,7211.124026
33.485964,70,7212.179748
33.789961,70,7213.232848
36.762649,68,7214.290672
-149.147648,242,7217.208348
31.131601,69,7218.302668
7.16105,104,7219.728853
22.321767,90,7220.984689
28.586277,71,7222.049355
23.009786,89,7223.207553
45.739002,39,7223.929607
42.481906,51,7224.683757
8.076035,124,7226.338343
-10.034125,124,7228.0293
21.663475,87,7229.266562
12.366876,97,7230.61683
22.074784,93,7231.827982
23.58228,150,7233.697259
9.449976,105,7235.11945
39.550753,55,7235.923334
27.548169,81,7237.053478
-1.006401,117,7238.511081
53.03977,17,7239.002721
26.298642,83,7240.186257
38.157027,65,7241.083612
35.617784,70,7242.033947
27.458935,76,7243.038659
30.315089,68,7243.980337
23.14964,88,7245.247459
16.300592,102,7246.560655
11.192368,98,7247.855591
49.882067,22,7248.297658
39.488416,55,7249.202551
31.342252,74,7250.192552
27.915052,77,7251.344204
22.21052,90,7252.526721
7.786672,107,7253.99929
-14.001424,128,7255.623626
-50.47444,162,7257.676143
-10.809249,123,7259.286082
26.956306,84,7260.375219
51.577257,22,7260.92065
24.904759,83,7262.00716
-10.446757,127,7263.693256
50.667058,17,7264.086799
45.403353,43,7264.879109
12.790572,100,7266.330172
24.442497,85,7267.546354
51.049796,14,7267.903721
13.638567,98,7269.255076
12.270953,97,7270.63359
41.227705,50,7271.484914
-18.276052,132,7273.310115
3.882914,96,7274.609974
34.70709,70,7275.716345
41.221919,54,7276.612145
16.533453,90,7277.935138
-133.123792,225,7280.728863
49.696507,23,7281.28261
23.969096,84,7282.496177
26.536099,81,7283.675983
43.132176,50,7284.420809
-0.806422,113,7285.935459
14.341495,99,7287.200064
27.083122,80,7288.267286
11.326647,111,7289.762338
-22.265009,131,7291.41998
6.0991,108,7292.775357
17.532626,96,7294.11078
17.14761,91,7295.322457
8.624707,102,7296.737124
46.053846,49,7297.556364
-7.024965,120,7299.086768
-0.774726,101,7300.472005
39.325016,56,7301.379264
-0.339066,114,7302.910165
39.076902,61,7303.87039
-1.974646,114,7305.295843
28.330566,77,7306.334788
45.71139,45,7307.170461
2.141229,112,7308.756789
30.918015,77,7309.96275
-88.037479,193,7312.477609
15.008018,101,7313.764361
48.596814,35,7314.347289
37.229162,64,7315.331054
34.943406,67,7316.361501
40.497477,58,7317.290542
-29.58272,137,7319.073396
8.43906,110,7320.581763
5.257158,112,7322.098983
19.41569,89,7323.299424
25.655638,84,7324.534797
10.793609,103,7325.920573
-1.912122,118,7327.410251
-12.47033,133,7329.13544
-33.251159,144,7330.875216
12.745505,97,7332.208513
49.297828,25,7332.775842
22.833658,80,7333.943387
9.972371,104,7335.276166
-12.097588,124,7336.948115
16.139644,98,7338.299163
43.720998,47,7339.111768
41.023724,56,7339.91491
12.681147,144,7341.668143
14.616609,97,7343.026617
22.534184,85,7344.250442
30.081463,76,7345.376548
38.082632,59,7346.332253
21.291208,90,7347.650954
24.145426,85,7348.777016
46.46787,40,7349.5079
-7.111216,121,7351.117579
-45.688355,153,7352.976874
21.057469,86,7354.095139
41.965238,52,7354.858058
-52.136172,160,7356.874127
25.472725,82,7357.950043
30.035105,76,7359.067585
18.424985,86,7360.200975
51.766097,16,7360.691103
18.814669,91,7361.983681
38.14699,66,7363.0534
-53.162536,170,7365.109156
-67.59606,174,7367.189728
31.874538,71,7368.257911
49.255348,37,7368.957282
20.93041,87,7370.089864
-40.261171,150,7371.904651
6.205716,110,7373.300603
19.832643,92,7374.590658
40.555704,58,7375.522357
10.378936,106,7376.980316
48.66578,30,7377.607032
39.309241,59,7378.54075
46.265438,50,7379.296559
38.141534,62,7380.264261
41.211566,57,7381.184166
41.559614,54,7382.070406
39.101476,68,7383.003441
44.400363,43,7383.765538
-120.386032,223,7386.522264
-1.702544,117,7388.08561
40.86106,55,7388.978434
35.633024,72,7390.058354
10.760066,95,7396.693257
17.223554,96,7397.972104
41.259837,56,7398.775875
21.561489,82,7399.858035
-46.525769,149,7401.659633
-121.665777,209,7404.185608
23.343817,88,7405.430685
24.860092,77,7406.56484
19.928143,81,7407.7395
10.347491,102,7409.139087
46.182839,51,7410.031136
51.574424,31,7410.689131
-0.491342,113,7412.158784
11.36728,100,7413.530151
8.225453,111,7415.012181
-57.865821,184,7417.31746
11.131384,102,7418.714979
-56.678331,194,7421.092929
-51.40046,179,7423.239735
19.497713,92,7424.41273
-9.929345,130,7426.12212
21.391311,88,7427.276158
16.05991,94,7428.581463
-38.320291,145,7430.360314
3.344105,110,7431.879696
44.435208,49,7432.720969
37.403523,62,7433.708156
-59.258475,176,7435.884715
36.656663,63,7436.765883
29.584361,77,7437.911288
-32.774382,145,7439.805839
10.712964,103,7441.211658
43.763773,43,7441.875949
26.637008,82,7442.960896
-1.703547,120,7444.446615
20.799444,89,7445.703729
-40.222265,147,7447.65135
-16.307539,142,7449.382941
17.458878,94,7450.728884
44.737005,45,7451.544513
-29.477789,140,7453.364881
29.717921,78,7454.55587
37.95439,60,7455.41826
16.554406,95,7456.695556
11.035959,105,7458.043838
11.118521,99,7459.40412
19.522995,91,7460.718946
45.528579,46,7461.436854
43.980685,50,7462.283521
36.042454,67,7463.302089
11.018024,172,7465.457485
6.913642,107,7466.913337
2.543181,109,7468.392905
32.059927,74,7469.478512
37.573237,60,7470.328796
22.52369,88,7471.57883
43.915406,47,7472.388242
-43.113375,153,7474.288598
7.758498,107,7475.750126
28.283135,80,7476.947606
13.921339,100,7478.335958
22.598945,108,7479.787782
-12.87262,126,7481.365589
-1.877784,113,7482.797694
2.887632,108,7484.168722
-14.380723,132,7485.88602
-8.204722,119,7487.470239
21.804132,86,7488.705408
-5.055103,133,7490.435858
-8.004284,128,7492.156132
44.995523,48,7492.872926
-13.302372,128,7494.452827
-3.007296,117,7496.008994
28.431537,83,7497.229838
23.769005,92,7498.456348
51.773758,29,7499.095966
17.602465,89,7500.367354
45.930692,93,7501.654854
51.584294,18,7502.061163
1.840838,114,7503.523086
43.872717,46,7504.35877
10.791757,96,7505.689008
32.437456,71,7506.753025
29.176485,68,7507.783665
42.789701,50,7508.636472
32.97858,69,7509.680155
-2.894959,125,7511.316459
19.695142,95,7512.560268
23.772966,80,7513.768493
21.359478,91,7514.96454
36.980175,63,7515.955091
5.396412,110,7517.349771
1.216341,115,7518.902568
35.548249,69,7519.948129
52.902105,21,7520.376548
3.390102,113,7521.892408
-9.656263,148,7523.728336
28.888891,77,7524.774415
43.526764,52,7525.536732
-20.604469,125,7527.11175
45.84261,48,7527.872166
29.090464,76,7528.982148
27.14759,75,7529.989681
-20.7731,131,7531.686755
0.888932,114,7533.177067
51.452628,30,7533.6982
45.784955,41,7534.442049
0.702677,118,7536.011066
-5.536075,115,7537.535594
30.47163,80,7538.690027
21.922653,89,7539.846267
16.482366,91,7541.124055
-35.740398,148,7542.952752
33.575404,67,7543.957259
31.42612,70,7544.996181
16.072725,98,7546.356023
13.82587,97,7547.716985
24.860712,84,7548.956974
-17.54774,137,7550.732285
-28.027493,146,7552.579635
33.125652,68,7553.617835
36.704918,64,7554.607188
26.569206,76,7555.715459
31.227392,74,7556.69084
-29.711413,140,7558.443694
35.346202,53,7559.207259
2.752916,112,7560.703591
13.877887,104,7562.106086
41.86371,52,7562.852875
46.595242,41,7563.590034
51.597794,12,7564.02938
31.043281,77,7565.034524
-10.280329,122,7566.502341
51.455009,30,7567.018522
47.270151,40,7567.636133
30.580439,82,7568.79602
21.03156,90,7570.059318
20.554478,88,7571.305877
30.126596,77,7572.409918
4.41706,106,7574.012912
-117.210203,240,7576.874904
41.166242,57,7577.789516
-14.515944,127,7579.46646
5.048957,114,7580.964287
53.210492,12,7581.41043
21.847431,91,7582.715508
-7.538516,124,7584.337605
37.76655,67,7585.373427
-13.587315,129,7587.0738
46.962125,37,7587.772539
24.021547,84,7588.862435
42.119605,61,7589.719246
46.613203,38,7590.437221
-9.452517,133,7592.138157
-25.888256,139,7593.797706
30.133666,77,7594.937617
11.378812,101,7596.308363
49.313077,35,7596.881207
35.002836,69,7597.823552
31.217505,78,7598.947137
41.277858,55,7599.824505
18.354382,88,7601.050455
-224.282401,275,7604.207657
-43.133914,156,7606.16557
20.383506,91,7607.431931
42.702433,50,7608.268404
18.002148,92,7609.442741
26.231097,84,7610.633134
16.306339,97,7611.96175
32.988332,75,7613.054816
28.759502,74,7614.043595
1.092848,111,7615.473
-72.370111,181,7617.595715
2.548696,112,7618.9739
34.433348,66,7619.990768
-16.612578,130,7621.559667
42.619557,51,7622.401819
16.052515,95,7623.696793
40.003811,60,7624.537425
-17.871707,130,7626.23104
-36.744791,144,7628.104697
25.294075,85,7629.302368
8.990379,106,7630.767942
51.007211,30,7631.412837
-38.656976,147,7633.305919
-1.888765,120,7634.775824
16.376829,99,7636.133934
17.605477,94,7637.323101
-12.500659,128,7638.918945
-37.156117,143,7640.748794
36.713794,65,7641.746529
-25.510201,149,7643.622761
-0.091061,120,7645.10318
29.605762,74,7646.200774
23.360921,76,7647.317484
16.689706,93,7648.523371
36.663546,62,7649.512657
23.727359,83,7650.696177
50.332913,10,7651.113943
19.566092,86,7652.235458
19.380502,91,7653.504018
12.485683,101,7654.866961
36.597027,66,7655.86821
33.487073,70,7656.9465
-35.819403,143,7658.709744
4.815652,136,7660.500674
53.392561,17,7660.98654
45.976981,49,7661.81474
4.39816,106,7663.302399
4.202472,110,7664.77178
26.441932,81,7665.937902
42.481462,58,7666.893326
15.586283,102,7668.27747
3.327907,126,7675.759309
36.737411,61,7676.73964
48.960034,29,7677.343518
33.449416,67,7678.360353
-60.452204,168,7680.329928
-0.059822,111,7681.832093
20.23877,88,7683.090929
-10.626285,131,7684.710586
38.296534,61,7685.65029
-781.935395,400,7690.407696
34.108769,67,7691.336736
35.275485,69,7692.377023
39.992581,59,7693.334808
-7.212987,180,7695.561857
32.999684,67,7696.590436
-17.23814,129,7698.154147
35.51196,68,7699.070635
26.303106,77,7700.092781
13.171708,102,7701.377888
-50.906581,154,7703.33424
34.507883,72,7704.299897
2.671515,110,7705.768172
12.204465,110,7707.24939
-39.486151,148,7709.149409
15.729284,94,7710.435994
11.217366,112,7711.971825
34.440366,70,7713.063043
15.004625,102,7714.472154
-5.544567,124,7716.089312
-33.14594,144,7717.837462
44.93859,45,7718.517672
14.113033,100,7719.911561
26.274867,80,7721.151308
45.272252,46,7721.944618
15.162422,93,7723.2397
-30.147145,140,7725.064895
11.264197,93,7726.351652
34.926582,69,7727.395591
18.525209,94,7728.68887
16.154933,96,7729.924181
36.648043,67,7730.93238
39.226144,54,7731.715499
-6.160882,123,7733.234749
25.88301,73,7734.208056
52.017708,21,7734.733199
18.270892,94,7735.935799
-17.210106,127,7737.586854
16.736545,97,7738.924865
-37.3265,171,7741.070372
21.623659,82,7742.163318
26.510859,80,7743.330975
-594.450705,400,7747.802473
50.950714,30,7748.42696
-5.446887,136,7750.087245
-1.096754,114,7751.630774
24.002176,86,7752.776748
35.067639,69,7753.830575
-49.374806,158,7755.728735
30.579801,71,7756.796897
29.944635,78,7757.958308
7.045107,109,7759.44684
22.783535,84,7760.539551
42.297277,52,7761.397617
7.810244,105,7762.83302
-44.719213,152,7764.657453
-50.070129,162,7766.687036
-111.561522,212,7769.194629
6.746916,108,7770.64613
46.793264,40,7771.377964
28.823169,79,7772.525597
-15.892795,128,7774.19432
-0.252697,113,7775.696784
30.063803,121,7777.338933
20.819808,98,7778.619595
-13.562634,161,7780.605289
17.420711,94,7781.955307
51.612458,28,7782.581932
-0.599285,116,7784.146936
35.181187,70,7785.194037
36.689777,70,7786.260532
31.497175,71,7787.327361
23.207497,87,7788.452489
48.829872,28,7789.061227
41.789918,59,7790.005189
8.542839,109,7791.462691
33.537732,63,7792.446875
47.60164,45,7793.258673
-10.974123,133,7795.07774
36.218608,62,7796.097539
26.04806,73,7797.067955
-0.128904,119,7798.65717
25.59042,84,7799.84903
27.36737,77,7800.865412
50.716623,25,7801.338302
13.887289,105,7802.741869
50.739194,15,7803.212152
22.332688,91,7804.377141
25.154374,101,7805.750553
10.653559,102,7807.038341
31.412985,69,7808.079197
13.342022,101,7809.476263
31.728371,70,7810.571197
25.133999,84,7811.768638
50.443997,16,7812.249288
19.616603,92,7813.424231
2.471349,108,7814.895683
45.626853,48,7815.614798
17.914341,92,7816.8366
-19.113115,132,7818.446653
42.576444,49,7819.174986
33.784046,71,7820.237811
27.463527,77,7821.378922
-34.205378,145,7823.205935
44.173905,50,7824.037202
-2.488149,117,7825.470835
29.759675,78,7826.600505
46.984949,45,7827.372773
6.120571,106,7828.800218
28.143586,75,7829.891293
10.664059,102,7831.278282
44.799808,46,7831.962169
5.824576,109,7833.420661
31.452773,73,7834.500494
12.016738,101,7835.788976
16.392937,171,7838.020343
31.138116,74,7839.121929
2.130363,115,7840.608467
18.000338,86,7841.851609
-0.965452,114,7843.395707
22.368911,85,7844.598772
-9.492639,126,7846.245599
-4.07188,114,7847.797544
37.272808,67,7848.716767
23.594291,85,7849.818351
29.47549,80,7850.973327
16.525385,96,7852.307916
41.051732,52,7853.100385
30.198739,77,7854.243228
-81.176371,195,7856.638078
45.715714,48,7857.349622
25.26197,80,7858.489691
49.301339,29,7859.108662
26.547228,87,7860.230211
38.97644,58,7861.145601
3.908353,109,7862.496189
22.509259,86,7863.607105
28.209863,76,7864.719243
-96.692725,194,7867.011942
48.878618,36,7867.694624
22.331221,91,7868.866038
41.229907,53,7869.729943
49.479882,37,7870.429216
51.746446,20,7870.949609
25.962003,88,7872.196093
52.536046,27,7872.80002
39.73358,60,7873.672883
-36.327837,138,7875.429029
29.204994,70,7876.478956
33.047586,74,7877.569308
10.595263,108,7879.017637
34.103371,70,7879.959385
31.983448,72,7881.050989
36.807812,60,7881.994294
21.732806,88,7883.23075
-7.764876,119,7884.816602
19.358596,106,7886.148847
25.812343,84,7887.26375
39.813457,58,7888.185066
-136.658817,237,7891.046261
-30.900712,147,7892.815001
-3.849441,122,7894.43134
41.445796,57,7895.259506
9.328261,153,7897.235313
24.962501,90,7898.494622
45.043159,49,7899.243162
44.927228,45,7900.041514
14.802172,94,7901.348681
19.368708,93,7902.54386
3.523633,109,7903.913448
4.804438,118,7905.475636
28.342512,81,7906.645105
38.909127,62,7907.522578
9.919401,106,7908.938293
36.337034,68,7909.853365
12.153238,100,7911.231102
-4.704506,136,7912.872665
46.986726,44,7913.640384
-42.315175,149,7915.505372
7.599802,106,7916.872336
-25.24609,142,7918.697898
-2.496818,119,7920.27277
-31.780799,141,7922.104521
40.437535,54,7922.902104
42.873086,50,7923.750347
-15.350556,121,7925.403967
29.800157,77,7926.528233
4.627498,108,7927.990058
13.496307,93,7929.281406
18.717441,80,7930.347915
27.809217,79,7931.49711
29.51327,84,7932.688056
2.738629,113,7934.208139
-6.921565,121,7935.733052
-111.68935,206,7938.228902
28.327154,80,7939.379884
33.512196,72,7940.340584
-6.636162,120,7941.932155
9.088293,103,7943.317749
-73.666384,174,7945.481199
-2.203818,146,7951.997228
18.62177,81,7953.262411
46.921885,35,7953.953285
24.748352,86,7955.172394
27.899773,73,7956.264145
-2.868117,117,7957.900238
31.674037,71,7958.953567
37.405065,66,7959.959194
35.656043,75,7960.975332
48.890288,39,7961.624576
26.11875,89,7962.768053
49.239981,26,7963.35267
19.733597,92,7964.540045
-18.350775,132,7966.285433
51.059104,17,7966.777923
50.725787,32,7967.425476
28.159224,81,7968.669534
7.970464,105,7970.0951
-20.81358,135,7971.834643
7.373112,106,7973.263374
21.071549,94,7974.583472
45.830372,44,7975.253218
53.241331,19,7975.664821
10.366744,107,7977.030673
35.394859,69,7978.098482
1.701512,112,7979.597061
39.527916,56,7980.503161
47.01403,40,7981.143405
22.659978,87,7982.391395
39.711111,57,7983.323514
-1.664872,116,7984.96066
-23.319261,140,7986.67977
42.223094,58,7987.597319
-10.751647,126,7989.276229
42.295723,55,7990.173472
-102.960176,201,7992.619491
-6.331396,123,7994.256625
3.163986,115,7995.758381
23.456613,84,7996.966692
25.884296,86,7998.111472
47.305297,36,7998.73829
-12.570457,127,8000.288125
38.028759,63,8001.163346
21.399629,80,8002.314842
15.272627,94,8003.627168
20.377989,89,8004.776884
46.07246,49,8005.61055
3.550872,110,8007.110636
46.237443,41,8007.750973
27.175944,78,8008.880738
23.008258,96,8010.207719
33.070696,73,8011.184084
-1.630764,112,8012.718816
-49.083095,151,8014.622175
-40.95139,159,8016.640707
49.481885,31,8017.178372
11.928672,103,8018.600584
4.915016,111,8020.144763
6.688921,108,8021.512068
52.846763,22,8022.059723
42.113223,52,8022.924093
30.990774,77,8024.045112
32.630602,74,8025.195229
3.951084,94,8026.505188
52.864726,18,8026.908238
36.487405,64,8027.789353
27.717709,79,8028.925772
10.458229,103,8030.230442
-15.637752,134,8031.866489
47.032944,36,8032.55236
39.262735,58,8033.475749
-69.160992,175,8035.644533
16.829989,91,8036.990096
40.289255,53,8037.822622
23.826377,76,8038.985662
35.210823,67,8040.054858
-1.972879,115,8041.508063
40.756077,58,8042.437252
36.569533,62,8043.41467
-62.658053,162,8045.511529
46.32129,38,8046.145565
-32.870429,151,8047.969012
-16.905,134,8049.779673
-8.201085,124,8051.338982
9.274782,105,8052.773496
34.675204,70,8053.808284
46.148534,37,8054.411114
34.427835,65,8055.395898
35.895273,60,8056.355142
43.310608,54,8057.27432
27.257205,80,8058.441074
1.17192,114,8059.875832
18.852303,83,8061.057071
-30.482472,148,8062.959177
21.717721,91,8064.233355
33.498844,66,8065.236476
32.599261,75,8066.35243
-4.317646,121,8067.895414
31.426857,76,8069.024523
40.575958,67,8069.94808
49.69012,33,8070.503283
43.073386,53,8071.417328
32.475871,70,8072.387089
41.858317,52,8073.273957
-9.611363,133,8075.001223
34.703993,67,8075.917541
11.27652,106,8077.354905
-2.27954,127,8079.066399
-1.142887,116,8080.513259
-3.059969,119,8082.11618
48.871173,33,8082.677565
10.385911,103,8084.105635
4.421186,108,8085.571631
-26.319306,138,8087.267594
-7.648037,125,8088.916614
3.674693,114,8090.442605
48.49108,33,8091.102315
28.204205,78,8092.143153
22.227663,84,8093.238394
-81.40999,188,8095.445978
45.526098,44,8096.138873
30.35537,76,8097.146523
36.567682,59,8097.975932
22.258019,78,8099.109294
26.966951,81,8100.195116
16.418185,94,8101.46098
-19.444212,133,8103.210473
26.369027,79,8104.351439
41.436523,56,8105.204783
44.226145,46,8106.027499
-7.160016,122,8107.63539
39.553325,66,8108.682345
-2.107598,122,8110.313524
-25.31081,136,8112.080794
20.962129,81,8113.141493
45.689744,43,8113.911127
6.317181,105,8115.327397
10.818814,103,8116.730002
40.95565,56,8117.64992
-6.671566,119,8119.213687
11.543151,98,8120.567268
23.926346,84,8121.802176
-21.761138,135,8123.542784
26.996687,82,8124.620639
42.237004,51,8125.365046
27.892441,80,8126.516174
24.579523,85,8127.731345
43.473064,56,8128.560916
18.094449,94,8129.894814
43.619667,47,8130.698091
45.200308,47,8131.606776
-19.57601,136,8133.278671
-0.956345,116,8134.83177
-22.350683,134,8136.573598
45.863723,45,8137.36236
26.306743,79,8138.496522
31.404343,77,8139.524849
4.087747,108,8140.973279
7.631741,103,8142.378213
45.667786,41,8143.0092
-7.747603,157,8145.058508
45.344008,48,8145.875442
28.222177,77,8146.995329
10.62927,109,8148.494541
2.843556,110,8149.89344
14.905821,97,8151.12449
-3.218393,114,8152.597533
45.171483,44,8153.287371
9.852883,106,8154.768927
41.327113,53,8155.650992
-88.002697,191,8158.053952
38.635457,60,8158.886969
38.685404,61,8159.740824
51.781213,25,8160.316764
44.582457,45,8161.104908
22.061765,75,8162.110801
21.05496,96,8163.341898
23.652872,88,8164.588954
46.101547,40,8165.351823
45.997058,46,8166.037753
22.457262,86,8167.155516
46.918854,36,8167.844887
23.79556,76,8168.854764
30.113237,76,8169.973295
9.586445,105,8171.320029
-13.576331,123,8173.006073
-31.738389,142,8174.822788
43.287731,52,8175.580564
43.667841,48,8176.400185
9.895128,105,8177.831878
-2.607813,120,8179.417871
18.612693,91,8180.728494
17.425572,93,8182.027319
-17.263373,131,8183.742756
-49.579405,167,8185.830182
39.13053,68,8186.762154
22.45162,81,8187.884157
-2.283406,124,8189.454566
35.492951,68,8190.481489
8.418913,105,8191.965048
11.882842,104,8193.416793
-10.853962,123,8195.030493
-68.846443,177,8197.123738
-49.922846,162,8199.051052
-4.684304,122,8200.655917
-41.237435,149,8202.699205
-26.718521,171,8204.702031
-111.420927,209,8207.139113
20.914854,84,8208.239672
-68.003761,174,8210.449785
-7.345658,125,8212.053527
33.327375,74,8213.044899
-24.498672,138,8214.831781
13.50764,105,8216.253836
21.240514,90,8217.519041
32.315075,79,8218.568184
45.954738,43,8219.326348
52.64323,19,8219.735667
5.24619,115,8221.166501
32.232869,68,8222.098095
-22.56188,132,8223.833154
34.574426,68,8224.867883
20.712589,92,8226.071127
26.714898,73,8227.170767
9.974492,124,8236.151368
42.261258,57,8236.977325
36.560425,69,8238.028241
5.614387,106,8239.459597
48.227132,33,8240.13516
-4.634409,125,8241.818944
50.077277,24,8242.381965
-0.358911,116,8243.989274
13.505587,96,8245.23281
7.068115,105,8246.688073
22.165124,90,8248.000761
46.92856,42,8248.778476
18.048438,87,8249.911323
4.866141,111,8251.398625
-11.813765,126,8252.952058
14.006199,98,8254.194015
21.263863,87,8255.486438
45.364763,50,8256.329695
-31.8676,142,8258.173879
20.876137,92,8259.466494
36.210541,66,8260.501548
10.339855,101,8261.781292
31.170413,75,8262.919793
-22.133707,139,8264.763206
39.092766,62,8265.75012
-10.676313,123,8267.364701
36.872033,65,8268.266139
-1.114486,118,8269.721637
39.799367,56,8270.528142
39.905259,51,8271.281267
35.351133,69,8272.218527
-13.141865,128,8273.89994
25.43314,52,8274.764315
24.733856,83,8275.856288
48.950718,27,8276.4588
14.722064,96,8277.907211
26.890897,74,8279.019733
38.275994,63,8279.917491
24.17018,86,8281.170027
36.492391,53,8282.063884
38.236924,63,8283.039515
26.850952,80,8284.250006
-28.976041,145,8286.104409
29.555121,83,8287.246044
-9.878528,122,8288.771868
50.394526,26,8289.349762
-23.399187,141,8291.049811
16.274324,94,8292.270929
-51.85403,162,8294.242094
20.703775,91,8295.521309
36.503487,65,8296.419871
25.00673,86,8297.546506
36.209352,62,8298.517539
28.053375,74,8299.611207
50.930047,19,8300.023608
10.370462,122,8301.557713
33.941167,68,8302.585755
26.27677,79,8303.751137
-43.098244,152,8305.786772
19.540923,97,8307.034173
40.610138,61,8307.884758
29.87578,73,8308.883475
28.327137,78,8310.013128
44.198328,47,8310.822379
45.606085,46,8311.524726
36.609889,67,8312.453944
52.84804,19,8312.968152
30.974014,74,8314.070086
35.236047,68,8315.110123
38.167824,63,8316.086953
13.91569,91,8317.461667
8.255036,108,8318.921098
19.114564,89,8320.215014
12.842505,101,8321.623255
35.810437,72,8322.792067
32.122456,72,8323.878111
35.344259,69,8324.824347
-34.25669,152,8326.647511
45.533366,43,8327.412875
22.483203,88,8328.572704
38.907755,66,8329.589303
-38.297623,147,8331.371452
13.572171,99,8332.679904
11.79955,100,8333.950753
36.601531,64,8335.002729
46.608007,48,8335.754171
41.480976,52,8336.529844
-26.320812,137,8338.20128
-43.497397,148,8340.107775
22.191415,83,8341.204232
29.004619,82,8342.285267
41.933687,55,8343.191238
26.66484,79,8344.235101
49.844041,36,8344.934405
31.015533,86,8346.066234
35.766627,71,8347.128704
0.653384,120,8348.71691
38.074004,66,8349.717041
48.660887,35,8350.399903
18.452494,93,8351.657405
-18.523995,136,8353.455938
6.611618,103,8354.815931
13.282057,100,8356.193839
12.838806,102,8357.59227
51.067556,29,8358.216127
-30.216525,140,8360.009318
18.822137,82,8361.105701
22.330469,91,8362.393915
41.789146,54,8363.282053
7.882365,104,8364.7033
3.89622,107,8366.155413
4.563905,110,8367.598698
9.869485,104,8369.02977
-39.45048,147,8370.952
22.017115,92,8372.230641
27.131079,74,8373.342701
-23.979214,157,8375.313656
-1.658614,113,8376.740722
47.9524,33,8377.298491
-65.854524,169,8379.432566
-27.139629,138,8381.225659
20.561959,90,8382.48929
1.344225,112,8383.903089
43.547139,48,8384.619052
-10.794227,126,8386.271352
24.241584,88,8387.440144
45.655821,45,8388.233593
-55.291431,165,8390.324902
18.338792,92,8391.539049
47.808129,40,8392.17249
49.232081,38,8392.78434
-30.890796,141,8394.503537
-3.454298,124,8396.097679
32.041036,68,8397.026918
-13.686128,130,8398.739926
-49.823576,154,8400.707053
30.123996,77,8401.850003
34.849009,68,8402.902939
30.770887,77,8403.937539
4.84732,111,8405.4349
47.389275,42,8406.192814
-31.741037,141,8407.928212
-4.444557,114,8409.498862
-1.020308,114,8411.051813
40.854498,55,8411.940917
-79.945367,191,8414.30408
5.477827,107,8415.760194
-76.510439,189,8418.168169
-29.823066,144,8419.974988
24.700502,87,8421.144862
44.832884,48,8421.914698
47.064912,46,8422.712515
4.585722,113,8424.127415
35.403545,66,8425.023623
42.379595,52,8425.787857
50.458469,26,8426.387191
-7.325996,122,8427.901152
-274.974617,320,8431.601448
44.449156,53,8432.490474
40.962048,60,8433.446685
22.068874,90,8434.716915
43.987736,51,8435.575368
-5.273759,117,8437.092959
49.569656,28,8437.590492
16.742711,100,8438.956093
35.963739,67,8439.969872
37.767789,60,8440.914287
20.752032,85,8442.124794
-2.848709,118,8443.592463
50.190964,23,8444.155572
44.459442,45,8444.938731
24.989819,85,8446.157316
35.820742,74,8447.258224
32.411777,64,8448.31916
9.795773,103,8449.784358
48.052773,38,8450.528567
-5.891129,118,8452.055562
0.936265,113,8453.56588
30.977718,77,8454.69235
8.148561,105,8456.128914
41.386541,55,8456.938641
10.95964,102,8458.30471
51.945479,21,8458.839344
40.432791,56,8459.642926
-75.575593,174,8461.750203
22.605856,91,8463.075498
11.345602,100,8464.466494
36.335697,69,8465.507205
17.609181,92,8466.842123
22.303874,87,8468.081444
29.641186,69,8469.134637
51.260778,33,8469.833694
-6.923806,122,8471.50554
16.722266,92,8472.873258
50.19802,19,8473.380842
-31.149923,142,8475.229472
4.872249,109,8476.777874
27.53955,81,8478.006756
12.682265,98,8479.365505
23.350359,88,8480.619654
29.983324,81,8481.822501
21.365884,88,8483.139354
12.201845,103,8484.648579
24.45732,87,8485.889661
41.800507,59,8486.7312
-9.322358,124,8488.368396
11.450136,110,8489.858043
28.990129,79,8490.90069
-52.04352,156,8492.914382
51.441824,22,8493.358351
21.074784,87,8494.613269
52.471015,24,8495.074832
11.289355,104,8496.514618
44.793359,42,8497.272329
32.400625,74,8498.379337
-1.900057,120,8499.882654
52.783972,16,8500.276996
53.039723,20,8500.71562
10.044433,101,8502.132968
45.347165,45,8502.817218
41.256229,59,8503.647992
32.216005,72,8504.711867
15.192144,97,8506.019676
48.11299,41,8506.681205
14.24466,93,8507.980123
23.143295,88,8509.113541
26.353784,80,8510.295527
-13.409017,129,8512.064855
4.944992,110,8513.542238
-4.106186,132,8521.058684
-67.735092,167,8523.153137
48.392734,36,8523.837655
31.780349,68,8524.872531
27.561375,75,8525.978038
-16.924751,129,8527.572346
10.864525,95,8528.913574
51.067692,25,8529.492554
-98.509845,199,8531.952478
14.509862,95,8533.26758
-17.19544,132,8534.904413
26.528875,81,8536.079587
42.35422,53,8536.852403
23.502538,82,8538.131127
50.498184,18,8538.643808
46.110515,43,8539.412185
-79.967152,184,8541.608593
31.516069,72,8542.691772
29.901107,77,8543.818534
14.339582,92,8545.011972
0.442307,111,8546.553042
50.971641,14,8546.910158
-1.647805,117,8548.463512
28.000295,76,8549.586433
37.808859,60,8550.529778
8.485047,108,8551.88675
50.509691,30,8552.512639
26.218106,84,8553.711526
37.811736,66,8554.618054
52.577601,21,8555.047814
12.869949,97,8556.39263
35.005193,85,8557.597894
-3.246875,115,8559.034571
3.092934,111,8560.524915
20.673036,93,8561.849539
19.177735,81,8562.930872
9.19696,104,8564.250906
14.925504,97,8565.498194
-3.640438,106,8567.023181
17.409393,94,8568.392736
-30.313379,166,8570.521865
31.97194,63,8571.52414
42.304359,51,8572.393454
39.710601,62,8573.359801
12.109476,99,8574.722853
32.497129,73,8575.698221
36.092539,71,8576.78078
42.6655,54,8577.558303
-125.665726,223,8580.297522
46.191823,43,8581.06763
29.068746,120,8582.648228
0.59793,113,8584.172527
-33.444231,143,8585.904009
7.137633,105,8587.3275
20.703809,93,8588.622984
12.303497,100,8589.997608
-13.978714,125,8591.65444
-27.698059,141,8593.358996
42.379697,47,8594.288942
24.593841,85,8595.503646
38.97157,63,8596.386677
36.696799,66,8597.392859
0.763491,103,8598.710067
12.879024,97,8600.088384
-41.45904,149,8602.020189
18.709982,95,8603.243812
12.735772,99,8604.628653
42.447193,49,8605.476442
-13.750527,127,8607.145125
51.174713,13,8607.591176
-28.504473,146,8609.461379
27.917447,74,8610.561075
26.087705,73,8611.673697
50.299066,31,8612.315834
28.199646,83,8613.539289
3.71787,109,8615.011544
51.272856,14,8615.367319
-53.980617,157,8617.362062
17.184517,95,8618.587625
-26.683268,132,8620.308039
13.33726,95,8621.625602
42.784762,55,8622.52171
3.954529,110,8624.012632
22.449389,87,8625.243937
48.034264,43,8626.008106
10.721274,102,8627.408985
-111.632514,223,8629.997051
38.491874,56,8630.897492
40.288582,63,8631.779636
6.116037,115,8633.33492
15.862073,98,8634.690284
43.881865,50,8635.537631
4.138204,108,8636.903717
12.529927,99,8638.186077
42.372832,51,8638.92844
-19.311274,130,8640.536555
8.174031,107,8641.890819
13.803723,101,8643.286422
52.175484,30,8643.925768
-39.910487,149,8645.831217
25.483569,83,8646.922162
2.978166,111,8648.476087
-4.438341,118,8650.051056
33.796413,62,8650.922385
9.853984,103,8652.335411
25.597135,85,8653.440124
-14.394198,128,8655.12969
32.648747,74,8656.238946
34.568528,70,8657.23698
40.400142,53,8658.045327
50.400194,32,8658.598664
45.046942,53,8659.468182
-11.165392,123,8661.09258
38.740683,57,8661.925712
20.423988,93,8663.175324
19.097439,92,8664.479933
-10.089158,133,8666.21262
7.144241,107,8667.559353
45.638003,40,8668.292902
49.537251,28,8668.915461
-19.885529,133,8670.651643
-683.271829,400,8675.283841
46.975075,42,8676.036726
-32.190083,140,8677.755203
16.644533,96,8678.982461
18.688667,93,8680.297009
-8.814202,128,8681.945809
-37.246586,145,8683.773809
28.120618,87,8685.008418
15.225111,97,8686.351631
-3.093632,141,8688.192561
42.48749,58,8689.128577
32.277246,78,8690.158255
-74.689644,183,8692.364791
-8.773377,133,8694.018377
15.2097,96,8695.36912
42.735112,55,8696.198035
6.039279,108,8697.688638
24.411889,80,8698.874747
-35.502719,158,8700.881604
42.855428,57,8701.895947
-29.967835,143,8703.642595
-6.980454,127,8705.323401
44.365675,45,8706.153409
3.932891,120,8707.65218
42.415334,60,8708.597832
39.652897,60,8709.545797
46.289682,40,8710.184788
47.570605,35,8710.869147
7.425552,102,8712.179851
17.820266,92,8713.38829
19.783142,91,8714.56977
14.902892,97,8715.810946
35.485246,64,8716.807135
41.937169,61,8717.765795
-13.2414,125,8719.414097
47.962064,34,8720.105948
-4.364762,120,8721.603741
27.972941,79,8722.749574
46.809431,46,8723.545429
-26.147753,131,8725.275529
36.741748,61,8726.128639
13.314028,102,8727.428662
44.83716,44,8728.206002
30.38732,75,8729.313233
42.219923,53,8730.145044
27.520858,84,8731.385155
19.935936,97,8732.718726
-123.857276,227,8735.366918
-8.161439,121,8736.997197
3.486368,111,8738.389622
10.080379,100,8739.688967
36.14035,61,8740.609035
-23.05323,141,8742.461175
-17.256219,138,8744.274748
12.714219,101,8745.590351
34.837285,66,8746.509188
-20.192778,130,8748.119463
7.679221,110,8749.509039
-22.333522,138,8751.314156
3.51425,109,8752.693419
-36.853627,146,8754.472968
39.843782,59,8755.408345
3.776053,113,8756.871482
45.351733,40,8757.626084
42.222047,54,8758.418145
16.611315,108,8759.778385
49.298487,23,8760.361264
35.509482,66,8761.411364
-47.378422,152,8763.415358
-19.75443,133,8765.15262
43.94425,52,8766.014419
32.576028,73,8767.092619
-8.067624,122,8768.605206
35.465573,66,8769.625745
22.067998,91,8770.937785
18.058139,93,8772.162038
22.944423,91,8773.353707
12.066705,99,8774.717999
25.299345,92,8776.015688
-10.486127,124,8777.690232
-61.095732,165,8779.7753
28.201313,76,8780.792932
44.31941,51,8781.673705
20.944693,85,8782.888304
11.806848,101,8784.221611
52.114166,24,8784.685566
24.216639,76,8785.816552
50.013603,39,8786.473139
-8.663509,126,8788.05409
-5.19765,120,8789.715942
45.804288,42,8790.470593
14.508231,96,8791.824019
6.995643,102,8793.256788
-46.602345,191,8802.335763
5.962554,112,8803.839148
23.012874,85,8805.049202
33.966501,74,8806.060582
48.996992,37,8806.760639
23.706749,84,8807.974185
26.205701,87,8809.216559
35.524658,70,8810.279129
29.855304,75,8811.386461
22.402861,90,8812.641197
2.352278,114,8814.183784
34.339276,73,8815.278427
2.376161,107,8816.754401
43.072976,54,8817.645575
34.660195,76,8818.762203
39.750544,58,8819.58742
23.664097,85,8820.804447
30.657712,79,8821.856383
-16.185007,129,8823.567839
41.329899,61,8824.431015
41.365502,75,8825.572547
-39.943562,153,8827.579163
52.093534,24,8828.161749
24.970042,96,8829.405011
14.088254,99,8830.776056
27.148755,79,8831.96108
47.959622,34,8832.629263
25.432796,83,8833.813467
23.444616,85,8835.035574
49.074891,32,8835.685477
18.769925,93,8837.019569
42.055421,52,8837.880148
11.08415,101,8839.264028
45.643446,44,8840.041834
30.756968,81,8841.210428
34.871829,67,8842.23549
18.236071,95,8843.546171
10.212029,108,8845.015379
27.432135,85,8846.241376
35.169611,69,8847.323864
43.639655,51,8848.084215
10.56816,106,8849.429997
3.065351,111,8850.935881
28.570272,67,8851.858164
37.047765,62,8852.825157
3.520587,108,8854.284296
-38.877034,149,8856.095828
4.730072,106,8857.433393
-7.64682,122,8859.062517
28.158618,82,8860.149066
39.709203,59,8860.987606
39.264043,61,8861.940658
-14.111116,126,8863.49846
19.849326,93,8864.838322
-108.016528,214,8867.345999
2.396703,112,8868.844232
3.186435,134,8870.575129
51.663859,29,8871.194345
41.102444,53,8872.065154
-6.748866,128,8873.75267
51.434936,6,8874.132086
51.327968,23,8874.596354
0.215064,115,8876.16647
19.303322,84,8877.26635
6.807257,107,8878.726584
-16.330686,135,8880.479204
34.51554,68,8881.411375
39.707165,55,8882.306449
38.143072,65,8883.31474
-179.470083,271,8886.423068
48.754307,28,8886.927862
32.801044,70,8887.900078
20.805891,89,8889.221267
39.382721,68,8890.293324
-55.125968,183,8892.736192
-25.572765,137,8894.501206
11.620638,104,8895.904644
28.024329,79,8897.078238
47.189412,43,8897.842189
49.099404,33,8898.506333
40.42493,56,8899.401332
41.500034,53,8900.270938
41.447691,52,8901.133426
8.252575,100,8902.456491
33.868513,72,8903.525077
49.199515,26,8904.151386
-7.504809,121,8905.770978
48.261931,33,8906.450119
-19.065526,132,8908.07744
50.596822,31,8908.723304
31.419494,76,8909.84009
-67.412281,169,8911.91108
37.504572,64,8912.902428
23.098266,86,8914.132315
0.509692,116,8915.573071
22.412889,88,8916.737641
30.332349,78,8917.870386
32.645636,73,8918.954216
-11.390773,126,8920.612047
49.975797,37,8921.321854
42.967978,52,8922.185428
48.251137,34,8922.755248
27.076323,84,8923.954348
49.091532,39,8924.673954
14.449946,103,8926.071386
-6.510838,129,8927.663585
29.149804,70,8928.713287
28.533169,81,8929.89203
6.72664,105,8931.414526
20.810562,88,8932.663482
27.140304,78,8933.806906
31.524641,76,8934.925279
26.266355,83,8936.117651
43.415105,48,8936.842418
45.617053,42,8937.620074
34.916193,73,8938.703386
12.643449,98,8940.049832
-15.474492,135,8941.740116
17.892777,86,8942.968475
28.867345,78,8944.032234
28.094724,85,8945.1409
-6.340173,124,8946.790131
-65.400767,167,8948.798093
-10.906504,127,8950.364695
38.466631,57,8951.288555
19.042139,94,8952.498862
-6.973451,118,8954.065602
9.728365,102,8955.458938
-162.544357,243,8958.455858
30.444073,70,8959.541046
48.402545,29,8960.159853
32.327884,75,8961.166345
-39.699632,153,8963.036241
35.198108,66,8964.046576
24.146742,89,8965.210293
27.593791,81,8966.382457
17.695074,96,8967.717683
-36.522996,146,8969.593848
12.804043,99,8970.955645
16.778424,98,8972.3487
15.878845,92,8973.579666
47.007946,41,8974.327714
40.667811,58,8975.24157
51.605631,28,8975.852407
46.110613,45,8976.543785
39.145602,65,8977.54198
15.991011,97,8978.89454
13.115696,98,8980.260469
25.0628,81,8981.320982
43.348228,52,8982.184243
27.322272,82,8983.374058
21.596136,87,8984.622648
-9.878784,123,8986.252221
24.69196,84,8987.351887
41.104154,59,8988.302854
51.685163,13,8988.748061
32.850406,76,8989.865521
-24.373749,134,8991.637006
15.081477,88,8992.900319
39.66789,60,8993.771443
28.967423,78,8994.801081
36.143359,64,8995.805451
-40.993999,157,8997.710416
2.772405,109,8999.280389
44.72603,48,9000.125599
10.799673,100,9001.407249
43.488443,46,9002.240967
39.255916,60,9003.200157
13.484613,97,9004.567588
-17.78086,131,9006.405847
31.626734,73,9007.53163
17.562971,95,9008.873297
46.738778,44,9009.655311
34.947548,67,9010.678445
31.573694,74,9011.790256
-67.74931,170,9013.845008
28.298931,80,9015.000272
12.854016,102,9016.361158
31.97982,70,9017.433529
15.163004,98,9018.837745
-18.378157,133,9020.590463
22.080864,90,9021.902407
48.605543,31,9022.473558
46.478295,39,9023.233101
21.263278,88,9024.412809
28.675642,80,9025.573669
44.340793,40,9026.316156
-20.815613,136,9027.994426
38.167386,61,9028.83802
18.735521,94,9030.153372
-5.454892,123,9031.674096
45.366475,53,9032.573267
50.34388,23,9033.12455
49.740864,29,9033.75122
-25.865759,136,9035.521928
20.796614,90,9036.812339
-63.201717,168,9038.924938
9.34988,238,9041.84803
32.9779,72,9042.916735
37.798997,66,9043.926866
1.653477,113,9045.398815
5.798332,116,9046.958573
20.798784,128,9048.527343
12.959336,101,9049.905818
7.789194,108,9051.281514
21.199031,87,9052.51038
28.724566,77,9053.645134
-30.760828,142,9055.455649
14.870775,96,9056.706817
41.425354,54,9057.589134
49.238294,25,9058.164715
28.667954,86,9059.400809
36.519091,65,9060.390423
33.208039,72,9061.476946
4.923341,110,9062.953301
26.820249,80,9064.062511
38.89699,63,9064.990981
33.467276,69,9066.069667
45.319201,44,9066.846396
2.869619,114,9068.376526
-48.162412,157,9070.374128
19.572059,90,9071.696501
41.100443,55,9072.498639
14.592871,99,9073.877252
43.9641,48,9074.691331
-12.082075,125,9076.23214
50.670093,23,9076.783914
-30.502191,141,9078.582716
49.664218,35,9079.169574
18.65744,92,9080.461192
22.802128,88,9081.626235
5.560685,130,9088.222391
23.957682,80,9089.386418
21.509012,90,9090.578808
32.703107,71,9091.655888
-64.993095,170,9093.681552
53.073351,22,9094.222763
20.038343,92,9095.530241
26.772739,85,9096.680779
41.264016,60,9097.666913
20.843263,90,9098.958898
9.970446,103,9100.373995
39.724778,58,9101.340177
-68.980896,169,9103.490938
40.778719,55,9104.277564
11.836924,100,9105.70799
48.19947,37,9106.430642
-30.70619,143,9108.313188
24.161596,97,9109.685947
-4.064187,122,9111.388937
35.090837,67,9112.448231
-18.623734,133,9114.188032
15.187251,94,9115.535707
1.953781,113,9117.081526
12.824083,98,9118.436801
-20.313349,140,9120.289346
48.803746,37,9120.990802
-69.643683,186,9123.311592
30.27636,78,9124.343269
46.303616,42,9125.122798
-40.787075,170,9127.271006
-26.242227,139,9129.078104
19.495883,83,9130.173898
20.487356,93,9131.482886
-14.44488,128,9133.108059
-69.058194,187,9135.473593
49.963933,20,9135.997941
44.054637,49,9136.824146
-1.952982,130,9138.539527
37.220848,62,9139.52806
16.037936,93,9140.749477
42.718354,51,9141.631313
-143.825372,228,9144.534388
41.458532,59,9145.473357
-35.928598,147,9147.438789
29.127898,76,9148.618499
31.025302,68,9149.658386
47.391345,46,9150.472781
10.07453,102,9151.896323
-0.272806,125,9153.513781
44.874836,51,9154.365021
11.139254,99,9155.763077
17.151605,96,9157.133765
33.554618,71,9158.206551
36.55097,71,9159.291403
49.093786,32,9159.94676
27.681505,79,9161.095222
40.467873,57,9162.016474
37.363002,63,9162.99797
43.85389,47,9163.710199
-16.883056,128,9165.268505
-4.013894,117,9166.725201
43.926694,46,9167.520857
35.311285,70,9168.615566
1.686249,114,9170.147252
23.447785,84,9171.372157
14.553591,100,9172.664907
13.22655,102,9173.9613
46.536165,41,9174.700339
-7.663518,127,9176.377732
32.282353,71,9177.443811
15.915809,94,9178.756277
39.250521,58,9179.581269
24.775581,85,9180.701464
-21.112046,137,9182.395898
36.764238,68,9183.446212
27.685626,82,9184.710412
51.172463,31,9185.347563
51.177216,7,9185.733921
28.60023,77,9186.887842
42.129377,52,9187.753615
35.636792,71,9188.866066
8.562202,109,9190.316446
31.489502,74,9191.33267
42.328485,47,9192.036402
0.151045,109,9193.414547
25.632636,82,9194.602021
12.692393,101,9195.884786
37.705298,63,9196.890196
45.783159,42,9197.545833
43.365856,49,9198.385358
42.515697,53,9199.293193
3.591439,111,9200.688633
-16.482981,127,9202.419198
46.967057,42,9203.179874
43.14825,54,9204.069432
26.795064,89,9205.226272
18.826122,92,9206.55882
-6.667571,118,9208.16634
49.946637,26,9208.651835
23.227248,89,9209.904645
26.208737,82,9211.088781
44.080999,51,9211.945219
52.067179,22,9212.389493
18.303131,94,9213.702016
51.168914,20,9214.22859
28.523128,64,9215.220083
37.866371,63,9216.109224
37.588427,62,9217.081992
48.472243,35,9217.659187
6.177978,107,9219.06487
-12.530133,128,9220.685056
26.615617,79,9221.83461
29.079299,75,9222.982563
-1.345977,115,9224.512252
3.478137,113,9225.994869
-9.935137,125,9227.635389
32.075463,70,9228.704479
48.513017,38,9229.417361
21.152145,84,9230.516758
6.604821,102,9231.850585
46.390309,39,9232.575694
41.457329,58,9233.404774
30.042964,79,9234.606606
8.38432,104,9235.964975
39.062072,60,9236.922026
-68.6645,172,9239.105444
-18.744966,131,9240.839902
24.232079,89,9242.09834
33.576382,75,9243.225786
33.70418,73,9244.324209
29.200535,69,9245.393742
38.79642,57,9246.204832
40.274211,51,9246.959555
13.309658,98,9248.321476
39.642281,64,9249.372156
20.849549,89,9250.637454
-2.74573,119,9252.161608
-6.37641,122,9253.734239
49.09438,27,9254.333174
15.358056,95,9255.659288
1.114751,111,9257.15709
-35.471599,145,9258.908776
35.940577,66,9259.886263
15.128941,95,9261.229186
8.441279,106,9262.665112
-45.843764,160,9264.600594
27.512439,82,9265.716017
48.471889,38,9266.33099
30.617927,72,9267.414104
27.176513,76,9268.584483
20.052725,86,9269.757248
-19.543271,132,9271.554511
33.440351,67,9272.608239
26.64727,77,9273.743112
29.089981,78,9274.878798
7.159003,103,9276.295679
29.963437,79,9277.461138
5.564216,106,9278.901495
36.474736,70,9279.872445
13.451848,92,9281.053484
32.883044,74,9282.141459
43.23391,48,9282.959639
30.96112,74,9283.946849
-30.789086,143,9285.788345
13.263389,100,9287.181273
50.378211,32,9287.728986
47.773281,43,9288.504006
39.140664,53,9289.381003
12.890837,103,9290.81173
6.244481,118,9292.422915
17.083408,93,9293.732451
25.116533,73,9294.717189
20.120399,96,9295.946149
36.601993,63,9296.913291
43.645946,54,9297.802093
48.236718,39,9298.525424
-3.618672,120,9300.049295
-10.067497,121,9301.588316
27.235209,83,9302.79001
38.321659,65,9303.786391
4.248161,113,9305.309905
11.973983,92,9306.496986
-33.676742,162,9308.562599
4.347167,113,9310.09114
-10.477634,135,9311.836862
45.877534,41,9312.578293
-17.136901,129,9314.317031
40.667626,55,9315.207873
41.722841,57,9316.137769
-8.73035,121,9317.667335
-72.452625,172,9319.719868
-0.174681,118,9321.317539
27.990447,76,9322.480994
49.259926,35,9323.168387
29.432305,80,9324.340578
-40.327945,148,9326.295703
39.384488,57,9327.238491
34.684446,68,9328.277866
41.466698,58,9329.220806
15.907867,97,9330.58218
15.064728,97,9331.925462
24.434009,87,9333.163294
15.341724,95,9334.586719
50.375792,32,9335.240834
45.654406,39,9335.862441
41.799377,56,9336.787309
26.463331,85,9338.012334
8.107368,106,9339.446194
-20.920979,133,9341.207179
-36.954394,147,9342.97721
21.642847,87,9344.11816
42.451849,50,9344.955038
-26.465143,143,9346.729198
32.418272,73,9347.816119
40.430462,60,9348.761428
31.122479,72,9349.836334
37.878902,62,9350.795121
40.160713,59,9351.734711
23.493629,86,9352.914715
52.339577,19,9353.448064
6.931317,107,9354.796907
0.572579,111,9356.34917
38.405791,53,9357.118739
9.043122,100,9358.491127
49.538118,34,9359.059844
-7.93863,122,9360.586684
-248.781303,281,9363.9152
25.692684,90,9365.087223
50.30793,15,9365.556636
23.887633,77,9366.617937
11.401439,102,9368.009595
10.369778,105,9369.468143
43.940208,45,9376.608311
25.681908,83,9377.703137
18.635507,96,9379.053346
44.542028,54,9379.849877
28.346914,81,9381.016249
12.530517,108,9382.500491
30.987994,75,9383.654231
45.673836,42,9384.415763
47.478297,43,9385.179381
-4.674423,181,9387.476752
45.693497,42,9388.235003
19.021566,92,9389.524059
41.545046,56,9390.436058
21.244086,92,9391.640199
-54.608342,163,9393.849006
47.468568,39,9394.684294
23.106648,80,9395.859524
-0.707899,78,9397.006849
5.49313,108,9398.467193
-365.714208,356,9402.708431
47.90622,34,9403.276703
7.326671,105,9404.611368
19.343002,92,9405.912627
35.173911,68,9406.946281
-106.570857,219,9409.529464
-21.911761,134,9411.313979
49.444003,24,9411.881617
42.23737,55,9412.778793
34.134161,70,9413.833503
-14.155799,136,9415.590127
-55.320934,160,9417.616093
42.532213,54,9418.418553
13.773349,101,9419.841597
-8.259043,121,9421.449278
34.177663,61,9422.298065
44.044915,53,9423.185558
15.671603,98,9424.529252
46.861002,41,9425.290273
2.08852,111,9426.880503
-101.777511,200,9429.357179
17.403838,96,9430.808745
40.115509,56,9431.722106
27.356609,78,9432.877901
-18.254545,129,9434.548025
3.310328,109,9436.00917
20.226785,92,9437.304704
35.820513,70,9438.358143
34.820973,66,9439.389574
20.874408,94,9440.702596
8.160612,108,9442.1793
26.250516,77,9443.253784
41.20071,61,9444.143976
0.295479,117,9445.728666
29.390389,80,9446.80064
46.219042,44,9447.61791
16.954567,94,9448.927126
12.810438,127,9450.621451
35.918846,61,9451.604131
46.024494,47,9452.422161
20.629933,88,9453.573939
45.476574,47,9454.378556
-5.94865,121,9455.881322
29.337999,80,9457.042772
33.496191,71,9458.111048
10.552003,102,9459.420119
-14.977037,127,9461.109391
-40.298766,152,9463.075175
9.216111,103,9464.479751
-30.756125,153,9466.439038
36.520361,68,9467.481261
12.655246,100,9468.852226
18.096554,92,9470.172831
-4.563631,119,9471.799869
29.16581,71,9472.866052
-3.590104,119,9474.347352
46.686296,40,9475.114862
51.928392,25,9475.714365
18.431976,86,9476.936928
-17.244001,132,9478.664623
-17.676958,131,9480.382025
-90.328909,184,9482.688643
44.424686,46,9483.59949
33.879516,72,9484.685193
47.88139,36,9485.373984
17.441618,88,9486.626795
22.126707,83,9487.859712
44.729915,55,9488.706705
5.653638,111,9490.214141
42.499972,60,9491.087191
25.325059,84,9492.335366
40.032733,57,9493.261542
42.307609,51,9494.13959
48.673303,40,9494.882097
8.82588,91,9496.165741
-42.043822,150,9497.998123
28.202378,76,9499.025423
30.238909,77,9500.157177
-10.218659,120,9501.696753
-266.837361,313,9505.320055
51.577054,22,9505.866411
18.247358,95,9507.088317
32.00541,71,9508.150951
29.159643,75,9509.16082
50.07207,24,9509.727646
-10.318502,123,9511.355951
50.884283,28,9511.960272
-293.858465,324,9515.664815
49.688692,23,9516.219052
12.005933,96,9517.489594
-3.403419,120,9518.987293
27.915437,80,9520.184757
18.207253,95,9521.403218
-12.587639,126,9523.055521
12.352796,99,9524.321205
33.01113,67,9525.343162
20.554396,83,9526.437642
15.011,98,9527.822002
5.104283,110,9529.313621
50.626415,18,9529.816495
12.828748,98,9531.287479
30.137275,75,9532.394254
25.857702,81,9533.558478
6.858335,105,9534.890566
41.63806,54,9535.776392
-134.502517,220,9538.486788
28.234428,79,9539.62691
39.595585,55,9540.521767
51.573025,5,9540.881488
22.333171,88,9542.130115
10.817142,102,9543.437895
36.189041,63,9544.416847
37.912538,68,9545.45936
28.154581,82,9546.690519
5.654459,109,9548.251851
47.011157,42,9548.913461
48.391787,34,9549.606626
40.425452,57,9550.549866
15.84082,97,9551.91272
27.13278,79,9553.066554
45.116782,51,9553.972348
36.295118,63,9554.873644
13.298089,100,9556.203033
-47.439294,161,9558.158691
20.622756,88,9559.434363
13.25501,98,9560.784317
38.542483,64,9561.770897
42.304172,56,9562.71981
15.728878,94,9564.035394
49.971502,21,9564.467475
42.132802,56,9565.274081
-12.614445,129,9566.859387
-41.2992,155,9568.822536
35.658123,76,9569.945743
-26.47978,139,9571.662807
-10.599109,124,9573.318807
19.364565,93,9574.617219
42.250995,55,9575.408479
21.968585,90,9576.67277
8.540908,103,9577.978003
39.741794,59,9578.819695
48.346365,32,9579.468606
37.025762,64,9580.471979
2.90914,112,9581.89999
-14.750843,116,9583.360296
-34.53618,145,9585.253352
-3.34331,115,9586.853631
3.744397,110,9588.476129
38.538445,62,9589.504418
-2.133878,119,9590.984325
28.918951,78,9592.117213
-0.613292,127,9593.779803
32.610656,67,9594.80804
-26.27283,136,9596.499968
15.924979,93,9597.809859
8.078669,108,9599.267944
43.329778,52,9600.119974
50.497331,17,9600.613503
51.311846,25,9601.190457
25.190216,74,9602.181437
20.62594,93,9603.387655
26.01792,77,9604.408061
24.09603,85,9605.632159
28.789022,80,9606.799643
51.712964,19,9607.310606
38.147604,60,9608.151851
-39.000851,149,9609.967851
27.9222,80,9611.130514
51.37327,17,9611.627609
16.022904,94,9612.831503
17.121238,95,9614.259484
15.531286,95,9615.584877
41.738051,56,9616.521971
-4.432877,118,9618.097798
-7.913766,124,9619.630923
16.706507,93,9620.941936
42.45147,51,9621.849383
27.879459,80,9622.900026
50.421676,23,9623.456458
28.791144,76,9624.577227
14.06445,98,9625.997069
17.689894,97,9627.319592
32.379274,78,9628.461612
21.417025,88,9629.731627
24.533089,92,9630.920204
46.537212,39,9631.648539
32.024077,73,9632.765372
36.907716,62,9633.641361
-3.868265,110,9635.132981
51.022944,29,9635.758447
-10.262954,123,9637.385438
39.031715,68,9638.31261
-44.987561,152,9640.245666
19.485736,93,9641.560076
45.592613,41,9642.202602
-34.424319,168,9644.210764
-13.018159,130,9645.817104
30.228313,78,9646.851722
12.594394,96,9648.185586
14.440961,103,9649.610182
-32.419851,151,9651.5715
22.328614,84,9652.853791
34.006802,81,9654.068632
49.735681,24,9654.553534
21.885519,82,9655.732812
7.85099,99,9662.495615
44.918726,43,9663.256989
-12.43838,124,9664.893343
40.198304,59,9665.733238
39.852242,58,9666.664372
33.977189,71,9667.725497
-38.302293,150,9669.649132
10.308021,102,9671.074827
44.34812,54,9671.97559
46.174444,36,9672.697351
-128.262377,221,9675.417643
-19.579207,133,9677.187545
-11.056892,123,9678.713021
25.637726,84,9679.915949
31.54324,79,9681.111093
29.084359,80,9682.199061
37.666028,55,9683.097363
49.01279,29,9683.712474
-0.053198,116,9685.171692
13.682345,100,9686.486031
14.52058,96,9687.842407
45.368723,52,9688.708474
-63.620938,170,9690.891619
45.135068,47,9691.697701
23.54238,88,9692.878488
29.208293,78,9694.012638
32.724323,72,9694.977858
41.616602,57,9695.892211
37.866226,60,9696.74527
43.878811,51,9697.654359
4.435016,112,9699.13323
-6.722163,123,9700.764854
13.683751,97,9702.1163
30.040182,73,9703.202224
28.122019,79,9704.358372
50.921014,14,9704.815331
39.299091,54,9705.607131
-5.206229,121,9707.221452
22.184103,87,9708.357126
38.883594,63,9709.357543
35.273211,68,9710.298475
45.160993,44,9711.076783
37.148842,63,9711.940623
-45.636037,162,9713.980248
-15.771559,128,9715.698141
45.449227,46,9716.510375
-42.868855,149,9718.393632
37.098881,64,9719.378871
-25.889521,138,9721.053863
46.453926,44,9721.830235
37.493817,63,9722.724652
49.314705,40,9723.459094
19.718835,85,9724.707581
47.089059,38,9725.323309
-10.856675,125,9726.90361
50.59676,24,9727.369095
12.667328,100,9728.755142
35.295886,69,9729.800821
46.360358,47,9730.611417
1.566455,98,9731.865099
40.006129,58,9732.794518
51.780064,18,9733.296155
42.836374,50,9734.038187
21.329685,102,9735.321497
43.270387,48,9736.137683
45.21685,44,9736.819037
-17.458246,134,9738.617847
29.172237,83,9739.812366
46.231152,41,9740.560841
27.088377,80,9741.630221
18.097541,89,9742.788932
-4.417248,117,9744.340757
41.187047,55,9745.134974
40.848958,55,9745.927198
49.654185,24,9746.494615
48.695728,29,9747.112793
20.38826,92,9748.38698
24.508198,86,9749.60332
46.626917,38,9750.217492
37.331319,68,9751.260616
17.043503,107,9752.717369
43.559062,53,9753.591419
46.088134,47,9754.402072
3.746657,108,9755.82726
23.932056,85,9757.123143
6.651182,108,9758.607725
-27.429753,140,9760.312416
36.447171,66,9761.439176
16.00446,99,9762.735144
11.517925,101,9764.152207
43.829202,47,9764.914056
-71.621,203,9767.534923
26.607355,84,9768.688179
38.217092,64,9769.676685
38.231168,55,9770.575414
29.57038,78,9771.741817
30.259404,78,9772.924017
50.476882,15,9773.290448
6.091113,106,9774.72331
10.551249,103,9776.14909
23.396534,87,9777.279723
29.442137,76,9778.43171
21.112137,89,9779.773896
38.861771,60,9780.710395
-9.858059,126,9782.422624
-28.451741,138,9784.276866
27.080423,82,9785.373541
6.02577,108,9786.83711
12.946354,98,9788.131292
1.962351,110,9789.62255
-4.970468,117,9791.204518
30.069538,70,9792.154705
47.253223,48,9792.974255
12.544062,103,9794.364418
42.671356,53,9795.269351
36.848644,70,9796.452309
40.166948,58,9797.278683
23.318289,87,9798.414741
37.720286,63,9799.400254
35.058764,71,9800.364491
16.230258,97,9801.618842
26.960241,93,9802.919724
-10.22411,123,9804.475124
0.61109,112,9805.973768
-26.171456,144,9807.733148
43.496407,52,9808.6332
25.774294,85,9809.762096
25.788235,80,9810.882041
43.370833,51,9811.642666
-99.827449,193,9814.053657
28.593289,67,9814.965022
33.652894,70,9816.007854
30.748449,65,9816.931714
11.503573,96,9818.298741
27.776012,82,9819.478372
32.834999,75,9820.585979
6.054672,111,9822.008742
43.457004,54,9822.890476
26.754392,83,9824.101387
19.208277,92,9825.303609
19.56389,92,9826.602981
12.274511,100,9827.902403
20.280516,93,9829.099841
-4.962732,117,9830.666414
33.668333,74,9831.663181
-56.535753,162,9833.70773
-6.653556,119,9835.313273
-7.991271,140,9837.057546
24.702073,87,9838.370777
43.026794,50,9839.20229
35.902225,72,9840.308783
10.547479,103,9841.657568
36.833332,63,9842.653709
42.157643,55,9843.550362
-2.049781,112,9845.056267
5.176035,109,9846.438519
-10.799472,123,9847.967778
31.020572,80,9849.142139
25.478474,87,9850.483811
9.035888,102,9851.930584
40.208508,62,9852.972461
39.832799,58,9853.912606
7.92069,105,9855.382561
29.092619,77,9856.527402
40.151394,59,9857.465642
28.946366,73,9858.558677
42.258349,49,9859.397637
42.070588,52,9860.162367
-22.79765,137,9861.843507
4.18329,115,9863.396031
-3.628365,116,9864.956888
15.388371,95,9866.281979
3.258298,102,9867.750166
27.635374,80,9868.904179
30.92389,70,9869.964001
43.221797,45,9870.752807
14.934037,96,9872.087018
5.797732,104,9873.514928
13.646221,100,9874.901246
2.143684,113,9876.48782
20.435372,88,9877.731732
47.349327,41,9878.472382
13.866045,103,9879.883734
34.727348,65,9880.8263
30.277941,76,9881.953257
42.920562,52,9882.816705
42.649266,54,9883.696136
35.608964,71,9884.756527
26.991949,78,9885.890163
-0.232195,115,9887.432588
33.74448,68,9888.503385
22.412632,87,9889.731784
-10.191445,123,9891.381917
16.698357,96,9892.746373
51.876314,19,9893.260458
6.706227,111,9894.767678
-22.998133,134,9896.433991
34.473227,70,9897.483037
4.239632,110,9898.976377
16.263244,92,9900.277178
15.566252,94,9901.540574
41.979551,52,9902.405306
14.395109,99,9903.666238
50.061333,29,9904.283052
38.335233,60,9905.237073
18.651164,89,9906.496253
35.947647,66,9907.412497
33.24321,70,9908.477792
21.184281,89,9909.640253
35.471362,71,9910.71831
20.219208,91,9912.003709
20.110705,92,9913.291717
47.110483,43,9914.062996
38.286785,55,9914.851407
-8.558703,127,9916.52312
51.647108,25,9917.102874
28.246815,85,9918.310877
24.927704,86,9919.422926
50.119011,25,9920.003944
31.155784,70,9920.958728
0.009777,114,9922.496083
13.401863,92,9923.686343
44.955994,49,9924.543372
35.344232,67,9925.58374
44.325057,52,9926.455232
35.563758,65,9927.469094
46.922681,42,9928.246178
9.73989,101,9929.640686
9.181986,102,9930.957881
14.548494,100,9932.226473
15.245639,96,9933.504782
8.446147,106,9934.949904
18.900187,88,9936.195939
32.8097,74,9937.187226
12.37374,102,9938.500169
9.918242,105,9939.849272
50.454799,29,9940.468835
24.134607,85,9941.723243
18.045651,92,9943.031712
24.135288,85,9944.26854
-12.664803,124,9951.343964
-15.657478,131,9953.075817
12.437674,104,9954.39548
31.630745,79,9955.545106
-4.654821,117,9957.01339
-7.648431,121,9958.61608
31.47907,76,9959.633803
33.77555,55,9960.529636
-0.25335,106,9961.876291
3.88828,109,9963.275745
-16.911666,133,9965.059943
40.410948,60,9966.013323
29.901728,79,9967.106455
-2.302685,125,9968.756206
25.459181,88,9970.013901
-2.573592,124,9971.667932
20.812585,85,9972.884935
40.540857,61,9973.850688
49.727917,28,9974.461897
44.042556,53,9975.371257
32.125835,71,9976.350856
6.286459,112,9977.857535
-6.645173,123,9979.357965
-80.642685,194,9981.626366
40.004377,58,9982.55266
-2.39955,115,9984.115528
6.664568,109,9985.495064
33.238888,71,9986.463951
-20.144844,130,9988.198063
-40.364803,158,9990.20128
26.173371,86,9991.438454
17.391435,93,9992.78159
23.006069,89,9994.081699
0.747547,114,9995.608627
26.019938,83,9996.809688
-6.545457,120,9998.397287
-81.18257,182,10000.686795
46.502858,44,10001.471668
30.312097,74,10002.57757
34.645165,58,10003.403029
-11.244439,125,10005.031627
31.134847,73,10006.115847
31.885329,72,10007.086969
34.765946,66,10008.129458
51.370574,24,10008.695619
5.054255,111,10010.197988
42.155504,55,10011.090134
27.840722,79,10012.26018
22.633216,86,10013.528215
45.54852,44,10014.224074
10.246411,106,10015.699779
-12.113171,133,10017.542163
43.843914,46,10018.34315
-10.779296,131,10020.054699
5.830124,108,10021.421117
44.082799,47,10022.233409
39.67054,64,10023.252319
9.547296,105,10024.688723
-1.609775,114,10026.217407
46.179536,40,10026.951741
-11.463324,124,10028.491658
22.950347,83,10029.683573
2.921037,111,10031.175968
38.959458,62,10032.038091
30.967676,71,10033.096979
9.171344,110,10034.601645
17.47241,85,10035.83696
-50.76393,160,10037.850466
41.99484,43,10038.620922
-17.586207,129,10040.33768
21.381395,91,10041.542031
14.905257,103,10042.87641
-39.911831,150,10044.819583
40.907706,60,10045.778372
46.843601,43,10046.562275
8.685402,104,10047.988317
40.613624,62,10048.955393
49.092186,29,10049.576509
12.389323,96,10050.910355
-7.121388,128,10052.588868
26.050069,82,10053.774062
17.352271,94,10055.104609
49.357402,29,10055.727114
41.505913,57,10056.658631
9.819355,91,10057.983363
32.676178,78,10059.125567
50.554962,28,10059.737476
35.163503,70,10060.733035
12.711793,98,10062.107904
33.165175,69,10063.074851
40.639668,56,10064.00431
-14.656728,129,10065.736464
-34.800802,146,10067.638637
7.64742,112,10069.223975
18.765306,93,10070.526593
-49.116041,155,10072.440379
7.63133,108,10073.795654
21.821125,84,10075.006486
28.56258,73,10076.092905
10.51113,98,10077.447246
16.574875,90,10078.725049
9.787037,96,10080.154199
-41.477091,150,10082.089415
-26.125624,140,10083.924571
52.155353,12,10084.361409
26.977517,80,10085.533191
50.212353,32,10086.193955
29.911609,80,10087.35526
42.097701,52,10088.220126
14.071327,100,10089.602293
39.180072,55,10090.502919
24.669048,82,10091.690687
31.415132,74,10092.788004
8.839996,101,10094.220001
16.99307,94,10095.549686
38.285647,57,10096.490647
44.590182,51,10097.336257
24.848469,90,10098.604121
13.143933,99,10099.971557
50.055354,24,10100.537709
39.886348,62,10101.408293
-20.072306,136,10103.195542
-17.948741,135,10104.954449
47.428792,43,10105.720297
-12.251892,126,10107.381657
5.150262,112,10108.783962
6.575927,97,10110.116339
-8.220326,122,10111.820681
37.33544,64,10112.744642
0.508262,113,10114.293474
33.476972,66,10115.312863
8.698022,104,10116.781585
36.869897,63,10117.68287
34.385261,70,10118.743771
0.560409,114,10120.287791
52.535175,14,10120.645
16.607684,92,10122.016514
-9.787188,124,10123.704021
43.147353,49,10124.539508
39.70987,63,10125.520886
5.09659,116,10127.086192
-13.653313,127,10128.731684
-34.110922,143,10130.568277
40.01337,60,10131.429073
12.028182,109,10132.905404
40.963897,55,10133.789632
47.699995,37,10134.494919
44.097721,50,10135.235834
28.279042,82,10136.318659
35.848754,71,10137.399363
-47.546975,157,10139.410472
-43.760533,152,10141.358061
19.64152,92,10142.660067
37.558997,73,10143.773381
-32.327934,144,10145.527501
5.081799,92,10146.82288
29.544716,76,10147.844559
39.285432,59,10148.698394
36.855366,65,10149.699008
19.412184,95,10150.920043
-27.639229,128,10152.61216
17.211935,93,10153.922583
40.894331,57,10154.741421
39.421342,57,10155.557547
20.097777,87,10156.70795
44.767912,52,10157.577755
40.31897,55,10158.461784
51.119243,35,10159.04134
17.498061,95,10160.367149
37.462682,62,10161.388909
39.641193,62,10162.354068
-11.677776,122,10164.053296
-17.020058,132,10165.778524
-22.946685,134,10167.534273
1.707229,112,10168.948907
9.671894,95,10170.173449
39.693072,62,10171.146352
13.35337,98,10172.505248
43.218483,52,10173.36146
24.10213,90,10174.663245
26.867235,117,10176.220847
27.923072,76,10177.248456
16.572328,90,10178.446852
26.231484,82,10179.624859
51.788429,21,10180.056847
50.225411,27,10180.549817
19.341164,93,10181.874577
15.496171,96,10183.218162
-55.05807,166,10185.305162
-29.705238,139,10187.163966
-22.009789,134,10188.917611
-1.547755,118,10190.488922
19.05364,91,10191.842488
23.488413,91,10193.159954
49.418378,35,10193.87287
12.860618,99,10195.30269
-19.546511,130,10197.029286
26.857861,84,10198.250494
52.066556,24,10198.735814
24.522948,72,10199.807116
50.573825,20,10200.230608
14.105981,98,10201.488281
51.425005,22,10201.930825
18.57807,80,10202.995408
-1.685028,116,10204.440904
28.489311,78,10205.472137
-612.627058,400,10210.134996
33.338413,67,10211.160833
16.080952,95,10212.381801
-83.479704,183,10214.670005
18.857913,94,10215.968401
-1.00256,118,10217.436925
25.689095,82,10218.619902
32.923794,73,10219.718036
33.878416,71,10220.849922
50.38483,17,10221.363235
24.690265,84,10222.626109
42.618552,53,10223.556532
51.32484,32,10224.106951
33.363273,72,10225.180203
19.393689,95,10226.508659
30.230564,76,10227.676626
4.664545,116,10229.321789
42.156796,55,10230.221243
1.15826,137,10239.975389
-29.320337,141,10241.831942
-12.661823,128,10243.511973
20.620339,93,10244.721688
24.259911,88,10245.851423
13.043217,99,10247.226789
-2.369361,118,10248.720565
12.197136,102,10250.027089
48.775281,28,10250.535202
42.690523,53,10251.419442
-65.591828,186,10253.746248
35.514736,67,10254.777456
11.333566,101,10256.206192
38.39673,57,10257.024139
-100.999944,196,10259.440777
49.056623,34,10260.019522
-12.63276,124,10261.69537
46.985617,40,10262.453539
47.127607,44,10263.232932
-3.096525,117,10264.825811
20.441326,80,10265.886302
36.085211,55,10266.786149
33.437156,72,10267.857403
-1.453517,112,10269.283782
15.983336,97,10270.621038
36.525533,62,10271.516805
30.403017,72,10272.626492
35.181997,61,10273.492141
17.722501,93,10274.809875
-12.042924,124,10276.457522
22.753226,90,10277.634564
48.61968,29,10278.249178
9.327306,100,10279.645155
2.847515,113,10281.171599
41.936693,58,10282.008982
11.334191,101,10283.402259
38.15439,67,10284.425746
-24.761756,138,10286.251461
50.435698,34,10286.822739
24.021967,88,10288.091386
46.004561,44,10288.763385
47.063983,43,10289.535232
25.470223,83,10290.72772
52.196704,24,10291.29953
37.66844,60,10292.239489
-149.098835,241,10295.058259
10.895725,105,10296.386846
14.077317,100,10297.752517
18.22414,99,10299.11259
20.976769,91,10300.426624
20.989945,93,10301.619975
16.424869,99,10302.997401
-24.089871,141,10304.681037
-2.481746,115,10306.24729
22.840703,87,10307.405638
-47.566708,159,10309.437599
10.62433,103,10310.842268
18.614428,107,10312.404421
50.815095,27,10313.003944
40.950055,57,10313.826289
33.866253,68,10314.762988
1.109566,112,10316.153158
-3.244679,115,10317.712699
2.142111,112,10319.223258
32.349429,71,10320.284537
-19.221859,133,10322.055975
20.279388,89,10323.217196
-79.392396,180,10325.506724
5.294211,113,10327.084905
36.035945,67,10328.106396
9.904126,104,10329.445413
27.333035,78,10330.477053
16.7764,89,10331.693776
4.429307,113,10333.193043
6.154452,106,10334.652248
17.921348,89,10335.842915
13.311297,101,10337.248843
22.067334,90,10338.671243
38.70466,58,10339.604157
-14.074498,128,10341.306306
-83.709404,181,10343.527968
5.177307,108,10345.00612
6.938453,110,10346.473624
37.933434,57,10347.393494
33.360468,71,10348.365005
8.546566,92,10349.657822
6.852128,103,10350.968463
-7.085508,120,10352.554945
28.543811,82,10353.627275
18.123945,96,10354.962927
44.629657,56,10355.867573
23.469303,80,10356.92335
8.625587,106,10358.3801
15.183599,95,10359.769048
29.859468,75,10360.837408
39.331212,55,10361.736196
31.150719,74,10362.738751
-0.41683,114,10364.419289
4.177563,111,10365.911607
18.684526,93,10367.245691
33.099586,70,10368.199981
-35.67714,146,10370.105836
45.722274,45,10370.990875
46.541186,38,10371.695848
25.311666,83,10372.791679
30.43249,71,10373.867795
41.917363,55,10374.753732
23.472014,86,10375.981501
-5.738266,123,10377.534139
6.109965,108,10379.015743
15.322181,94,10380.337386
33.840512,69,10381.385797
51.115965,33,10382.044593
-335.304923,331,10385.846011
47.207615,42,10386.622975
3.211692,120,10388.113508
43.790485,49,10388.840898
-100.712987,206,10391.348719
11.259897,98,10392.633584
36.042411,67,10393.702813
-53.066637,168,10395.885713
5.32936,109,10397.489584
43.332936,49,10398.226017
8.485842,109,10399.590792
39.542633,61,10400.445602
52.536268,18,10400.842415
1.358725,107,10402.287933
-38.009909,150,10404.093823
36.768459,64,10405.043612
27.663441,79,10406.131261
32.696187,72,10407.216511
34.263941,68,10408.149512
-2.203793,116,10409.694448
31.53019,65,10410.59164
27.099944,82,10411.777234
19.8429,90,10413.05451
38.42628,59,10413.883185
45.135959,46,10414.686933
4.746055,115,10416.156261
37.660907,67,10417.194161
29.186607,69,10418.129153
16.885709,97,10419.482698
-36.432659,144,10421.23762
48.979707,34,10421.809788
30.298378,77,10422.848614
-9.668522,122,10424.494476
-5.970104,118,10426.091386
2.618882,114,10427.676313
25.579573,85,10428.889873
32.094313,73,10429.986986
47.411734,35,10430.566271
50.463567,28,10431.074502
-30.526851,205,10433.478405
51.763118,12,10433.817777
-23.882773,135,10435.568534
21.992498,88,10436.900645
31.815849,75,10438.080473
-24.821882,145,10439.998575
20.607684,89,10441.167339
29.805066,78,10442.197591
8.319715,104,10443.67349
16.17769,96,10445.016369
-11.060929,123,10446.698236
50.532807,21,10447.234586
-27.756861,143,10448.959624
26.464771,83,10450.070162
-7.416795,121,10451.617077
18.841385,87,10452.85333
37.047552,65,10453.743085
43.012161,52,10454.595957
29.602111,75,10455.605214
-3.678979,117,10457.065205
39.917508,60,10458.006976
49.937371,25,10458.584783
-54.031916,165,10460.724166
38.923386,52,10461.62388
47.327046,35,10462.317424
35.806413,66,10463.348179
32.331805,73,10464.325842
21.392845,82,10465.515956
22.715636,89,10466.790745
18.625855,86,10468.042876
10.76723,104,10469.361229
-46.608756,153,10471.221123
26.79219,83,10472.30571
36.204552,67,10473.275663
29.338326,76,10474.304607
50.832864,17,10474.801575
46.270255,43,10475.565675
18.717999,86,10476.800064
30.85013,78,10477.978238
35.375111,63,10478.978139
47.396912,38,10479.681935
37.442466,62,10480.543024
21.597704,88,10481.795764
6.646939,104,10483.285224
24.95575,78,10484.418915
-5.8581,123,10485.952456
15.985634,98,10487.30622
23.501409,81,10488.534109
30.046419,75,10489.664914
16.125859,95,10490.993723
31.6301,70,10491.9726
-1.661822,115,10493.548872
39.355493,63,10494.526114
-128.241233,213,10497.142801
5.267833,106,10498.528445
34.868997,67,10499.5632
-21.75106,138,10501.345724
-0.438841,115,10502.807112
9.144403,107,10504.28144
50.856557,18,10504.680432
38.916879,62,10505.543983
47.331822,34,10506.235283
20.406758,89,10507.393921
41.316065,52,10508.248037
40.1823,55,10509.137035
40.102442,58,10510.068882
42.922027,53,10510.976258
33.40484,68,10511.921535
-38.680561,153,10513.930062
-14.662326,129,10515.572964
-100.86372,172,10523.029402
1.259058,113,10524.549762
-22.052106,135,10526.381797
24.113578,86,10527.663262
38.135889,57,10528.575608
2.766825,109,10529.960654
10.924516,102,10531.361474
17.949682,96,10532.690142
8.52431,108,10534.046487
13.360467,102,10535.346586
37.825571,63,10536.335011
32.145757,73,10537.410401
21.011826,89,10538.66714
43.166727,51,10539.542275
26.125486,86,10540.768048
41.620177,54,10541.662668
21.425387,86,10542.913126
16.607239,95,10544.257177
33.212955,72,10545.331603
12.451086,100,10546.733852
35.148985,75,10547.746363
-22.387494,152,10549.751638
-14.474194,140,10551.564071
-0.461874,116,10553.062955
23.680446,78,10554.2039
30.06248,79,10555.358528
20.892935,88,10556.643043
23.631899,97,10557.98567
-32.940166,146,10559.741444
44.116104,48,10560.563005
5.747397,108,10562.027212
-37.235583,151,10563.841133
10.243408,96,10565.176555
45.158684,48,10565.890769
24.162381,82,10566.965989
40.464308,60,10567.913398
39.878215,56,10568.827418
7.377035,110,10570.398578
20.041614,69,10571.354063
36.737092,64,10572.402838
-31.136998,146,10574.399998
50.562206,25,10574.973624
15.121161,98,10576.2206
29.588863,77,10577.238422
-17.862445,130,10578.833174
29.616105,77,10579.963652
11.095422,98,10581.340881
0.107998,116,10582.892782
50.985784,10,10583.319641
43.578167,51,10584.18586
-2.229099,114,10585.749987
-35.783499,145,10587.666178
25.508097,84,10588.866857
18.207871,93,10590.072844
14.385802,103,10591.444391
24.574834,87,10592.693347
25.842798,76,10593.80971
-4.437581,118,10595.382728
-5.823939,118,10597.013414
12.681327,105,10598.340389
29.451182,78,10599.38833
-59.554312,165,10601.457795
41.506084,53,10602.227534
40.14254,57,10603.042288
2.268529,110,10604.418536
28.932598,84,10605.646705
14.105286,97,10607.016189
18.31383,95,10608.233335
22.467337,86,10609.360226
35.310274,61,10610.234363
1.087461,113,10611.725505
33.998851,72,10612.809228
2.559765,113,10614.237527
-1.746299,119,10615.823286
1.205803,112,10617.334596
21.596646,93,10618.538463
44.927969,48,10619.394356
8.042918,107,10620.85517
-15.393987,131,10622.457384
27.204468,109,10623.955421
9.720357,101,10625.250745
32.148174,75,10626.408263
19.749826,95,10627.701798
-15.391126,132,10629.5091
-72.507724,190,10631.821751
16.979238,92,10633.017919
12.567643,103,10634.454982
8.737996,109,10635.936249
28.372721,79,10637.100034
-8.79481,127,10638.78615
45.247701,47,10639.607057
27.652792,81,10640.671997
43.038101,48,10641.504976
31.38156,71,10642.564079
6.328516,107,10644.01596
53.219075,11,10644.445476
28.084822,77,10645.520147
-72.911518,173,10647.717755
35.388207,70,10648.784898
2.784283,110,10650.281948
35.731194,64,10651.266274
3.488666,108,10652.738156
0.946244,113,10654.272502
19.769499,94,10655.489114
20.230392,91,10656.694803
-0.321036,120,10658.350847
26.674714,81,10659.51269
10.340286,103,10660.912316
-44.032559,162,10662.950122
1.756424,112,10664.498929
44.325525,44,10665.298038
20.86717,95,10666.618843
28.398833,81,10667.788011
-4.480185,119,10669.401334
41.457542,58,10670.228532
-98.792408,208,10672.667851
29.950264,77,10673.711503
14.937989,95,10674.936093
46.662099,48,10675.750835
-283.917495,305,10679.321829
-67.032424,182,10681.58915
45.331345,43,10682.362066
38.191973,63,10683.35087
52.218735,12,10683.692438
-3.342313,117,10685.137843
31.564937,73,10686.225303
48.532266,34,10686.792859
24.604952,84,10687.891069
-29.988182,144,10689.628406
34.371931,69,10690.57041
-0.450712,113,10692.147339
30.183164,75,10693.268882
6.536356,108,10694.728215
50.154449,19,10695.2448
21.135147,89,10696.511067
41.167383,54,10697.291519
-13.421195,128,10698.973027
36.106909,65,10699.966196
-5.684631,122,10701.645683
32.105429,73,10702.800181
23.313963,80,10703.962545
38.359239,61,10704.922981
-16.400928,130,10706.626508
50.93276,33,10707.289129
-109.567002,223,10710.058221
3.722557,113,10711.486126
42.448648,50,10712.224322
-3.46185,118,10713.694284
17.793831,94,10715.000504
-11.47703,124,10716.568964
43.262568,52,10717.328798
33.163314,75,10718.444823
48.28809,32,10719.09498
35.719558,67,10720.115221
46.395138,41,10720.855365
39.869627,58,10721.778665
9.754297,106,10723.147467
30.053002,74,10724.264269
35.06602,69,10725.313104
34.689033,65,10726.315408
24.781819,81,10727.495497
4.313984,111,10728.875046
32.676904,67,10729.901241
-43.943403,156,10731.897915
-2.781535,118,10733.484988
25.112134,82,10734.74063
-0.139237,112,10736.175236
-9.617275,122,10737.691929
-39.817351,153,10739.585877
-9.375402,122,10741.293714
26.155889,84,10742.407612
27.61542,76,10743.425415
50.388042,17,10743.918182
20.131045,91,10745.199976
-5.280778,118,10746.772617
39.51329,60,10747.624677
5.38711,109,10749.105367
-22.703729,126,10750.842335
38.273884,60,10751.696182
45.427543,48,10752.518918
29.992064,75,10753.543377
18.609908,91,10754.786957
28.186193,77,10755.906222
49.70165,37,10756.516051
32.742607,70,10757.611132
39.45268,64,10758.641661
34.828016,67,10759.668694
24.723927,79,10760.84251
46.086248,40,10761.581103
14.213452,98,10762.832155
26.283213,80,10764.000868
19.443303,91,10765.279104
24.436396,84,10766.483565
7.757155,105,10768.015056
10.494067,103,10769.427285
17.224494,98,10770.682626
33.600427,69,10771.617396
48.81951,30,10772.147375
30.862304,74,10773.241483
12.798587,101,10774.62483
19.260387,80,10775.684935
34.674711,70,10776.739266
51.886011,27,10777.333236
32.906671,71,10778.412022
36.192478,66,10779.369228
-34.548939,144,10781.362517
-1.955316,120,10782.988471
-22.817557,137,10784.772386
45.510314,47,10785.481996
16.172198,97,10786.718896
16.17748,98,10788.072805
-35.810952,149,10789.977052
6.050995,113,10791.594587
-2.936203,115,10793.137211
29.956919,77,10794.169917
35.915119,64,10795.213875
25.994485,77,10796.238768
3.259348,112,10797.70363
-6.456246,107,10804.706681
38.195475,67,10805.731828
-44.735182,156,10807.711467
41.918181,52,10808.567246
14.438343,100,10809.943743
-13.242779,128,10811.509048
-42.232482,151,10813.487005
-1.640101,113,10815.069866
44.238669,46,10815.887116
45.340517,43,10816.668474
13.76089,99,10817.992068
42.032956,52,10818.748461
21.221105,87,10819.978846
25.646324,80,10821.134797
46.609958,39,10821.856536
24.389507,85,10823.0766
19.656545,91,10824.368043
15.428293,92,10825.708929
42.752283,47,10826.539044
21.829589,89,10827.813097
-7.735328,123,10829.493712
-35.52501,144,10831.337882
18.15498,95,10832.635028
-23.138384,138,10834.57588
-14.702508,127,10836.250256
30.436772,79,10837.309496
35.090458,68,10838.237143
26.71029,80,10839.441178
23.652071,85,10840.661248
8.525429,103,10842.071705
11.230834,103,10843.377816
44.728944,44,10844.053853
-5.600236,112,10845.455405
30.509037,66,10846.369004
6.555343,112,10847.925238
36.387654,68,10848.855978
15.449745,94,10850.217981
-11.215315,125,10851.854635
34.960737,70,10852.907647
4.122031,112,10854.311898
30.147532,72,10855.286839
40.048153,54,10856.087884
45.347997,45,10856.887475
14.872225,100,10858.306224
23.993013,89,10859.464928
27.020003,76,10860.576228
29.945674,78,10861.720695
11.30888,104,10863.126886
31.878146,74,10864.125591
20.653193,91,10865.326838
47.044238,38,10866.06659
29.493815,77,10867.117228
37.788599,65,10868.119517
25.861878,80,10869.270927
45.594683,44,10870.050393
35.81873,67,10870.978522
-0.907279,113,10872.475365
14.194817,96,10873.811652
-75.332207,184,10876.00539
46.084372,41,10876.744652
-9.696387,126,10878.398956
-54.705768,162,10880.351935
-26.69041,143,10882.253476
24.760569,80,10883.320704
34.07936,72,10884.431333
20.412524,86,10885.638588
34.417824,71,10886.616519
31.0412,73,10887.757064
30.879815,76,10888.880276
46.472007,44,10889.684206
1.357669,112,10891.41381
46.453795,42,10892.16535
-9.330169,127,10893.863961
12.459715,100,10895.237886
12.220026,108,10896.606472
-4.50727,119,10898.208761
12.625171,93,10899.503024
-15.543586,128,10901.20202
38.356563,58,10902.038619
6.059812,123,10903.661484
42.286648,48,10904.474763
14.373985,101,10905.858498
45.151995,48,10906.589355
36.976964,63,10907.468269
39.145294,58,10908.311863
2.103032,111,10909.695729
46.762014,37,10910.411016
22.312911,84,10911.607622
39.189621,59,10912.54183
43.936968,52,10913.411687
28.278212,80,10914.468814
29.952813,77,10915.604728
27.918868,79,10916.658414
46.214731,42,10917.309813
23.199406,86,10918.438508
48.266503,40,10919.171509
23.212314,87,10920.416985
16.170032,88,10921.661123
31.207402,73,10922.762178
24.422041,83,10923.943691
27.534401,87,10925.092824
31.296806,74,10926.182726
15.481613,95,10927.422597
21.266593,68,10928.50269
12.704415,98,10929.869401
-27.692021,128,10931.438623
42.527456,55,10932.336635
44.430561,50,10933.172201
47.764705,38,10933.881815
9.826049,106,10935.243691
16.392376,93,10936.556579
-21.007966,133,10938.177912
33.541006,71,10939.239539
42.027531,55,10940.026926
43.931625,46,10940.824439
35.203233,69,10941.863138
28.879091,73,10942.846027
50.285642,18,10943.357176
34.116377,73,10944.445089
-14.645116,124,10946.100816
20.813575,89,10947.38686
17.388838,91,10948.673816
38.535183,62,10949.572779
51.771176,28,10950.179184
49.844888,28,10950.677445
27.269041,81,10951.838576
17.311292,99,10953.218115
37.149366,65,10954.226985
-54.385676,166,10956.242486
42.575245,51,10956.998179
24.555407,81,10958.181985
40.690563,58,10959.11807
44.39641,48,10959.862839
37.444956,62,10960.731611
29.219369,73,10961.823159
47.23537,36,10962.51485
51.271393,26,10963.121686
29.529345,76,10964.172033
-42.25964,160,10966.267882
32.665762,71,10967.235373
20.444778,82,10968.311233
20.993084,90,10969.476161
23.578162,78,10970.616215
-20.736068,135,10972.397102
31.95254,78,10973.543823
39.536912,58,10974.469387
23.158251,80,10975.636025
14.526717,97,10976.985725
23.824264,85,10978.203654
-21.898869,139,10979.89832
7.504725,113,10981.442508
20.007496,80,10982.658635
46.249854,39,10983.284941
32.98332,72,10984.356136
-119.049408,212,10986.942012
20.918435,94,10988.24987
5.382467,108,10989.62638
4.172409,111,10991.099923
24.902782,85,10992.315158
37.332841,64,10993.333036
23.746547,85,10994.551706
53.240973,16,10994.930601
39.787109,53,10995.861313
-145.294466,244,10998.843803
50.161516,27,10999.443358
41.880811,52,11000.306287
39.976375,57,11001.120538
27.856314,79,11002.299508
5.355239,107,11003.799687
29.267615,80,11004.973379
0.539377,111,11006.508314
44.494439,48,11007.339158
49.852714,21,11007.892961
43.423132,47,11008.732797
-57.566422,165,11010.698532
18.252469,92,11011.910806
40.594233,61,11012.764597
29.676328,78,11013.902605
36.65841,68,11014.93843
-0.716558,116,11016.557243
13.248967,98,11017.934758
-9.106672,131,11019.64332
37.502781,69,11020.6467
7.554824,106,11022.00397
0.263348,116,11023.54914
44.94434,56,11024.363021
31.971779,73,11025.349626
18.658821,82,11026.534352
30.141934,77,11027.65194
-1.457087,116,11029.10381
43.765755,52,11029.971772
50.868092,28,11030.575713
15.78211,97,11031.847815
26.536058,81,11032.973934
45.211247,47,11033.783273
12.071525,99,11035.042819
25.764756,76,11036.163619
33.900091,63,11037.13828
-42.00404,146,11039.013623
20.83162,94,11040.275661
-5.844704,121,11041.91435
38.68007,64,11042.896675
42.612532,51,11043.748412
20.267618,88,11044.997242
8.621072,105,11046.466781
50.83688,31,11047.123933
16.4462,96,11048.481923
2.254504,110,11050.013654
24.111922,85,11051.236066
13.899033,97,11052.498266
9.355624,92,11053.792697
36.981272,69,11054.828472
-29.66327,145,11056.731972
-137.783101,235,11059.65551
-0.441836,116,11061.208165
19.051097,93,11062.407362
43.563815,49,11063.244186
11.348818,103,11064.656068
25.262823,85,11065.861397
47.872442,35,11066.530305
6.768015,108,11067.981176
41.152377,51,11068.823773
-24.468345,133,11070.578506
-30.520189,137,11072.393774
33.122031,71,11073.373061
52.527958,9,11073.781888
9.328344,98,11075.033299
-41.197329,148,11076.854544
27.702295,73,11077.838332
-166.271531,271,11080.946843
34.713835,60,11081.859803
35.914145,64,11082.810665
35.530604,72,11083.914127
18.788207,92,11090.721136
39.042432,58,11091.658798
5.792676,106,11093.148174
24.580643,82,11094.399792
-18.011905,132,11096.003726
-7.223935,124,11097.65946
-3.962552,117,11099.132973
32.991159,72,11100.230219
16.46553,95,11101.552459
13.158867,104,11103.00958
23.099849,95,11104.33832
10.140606,104,11105.781264
10.022001,95,11107.109354
47.197124,41,11107.764215
8.566585,104,11109.189591
-2.628885,117,11110.752183
18.984392,93,11111.953993
11.175915,103,11113.367275
47.222937,38,11113.980846
36.52442,70,11114.934228
27.16032,81,11116.099374
-10.094365,142,11117.840003
26.368589,84,11119.055466
30.458125,78,11120.126917
-116.945444,207,11122.662343
33.108548,69,11123.60737
27.99262,83,11124.799165
33.841278,72,11125.857832
-5.563103,120,11127.4351
33.500791,74,11128.425518
40.412538,54,11129.309678
17.122991,87,11130.4479
30.30498,71,11131.54424
-14.905733,140,11133.326703
31.815227,73,11134.416245
24.534114,86,11135.537951
37.345572,65,11136.437355
17.770996,92,11137.732669
21.97213,106,11139.200057
48.058053,34,11139.768473
8.349316,105,11141.216345
24.882628,86,11142.363915
42.798719,47,11143.176948
27.13716,87,11144.314953
46.12938,46,11145.140055
9.181302,103,11146.455311
-50.680202,163,11148.521309
48.449331,31,11149.065073
33.805907,71,11150.024126
41.291093,57,11150.837377
-355.323886,364,11155.094492
42.659475,58,11155.914621
35.927402,64,11156.901635
26.461091,70,11157.958228
-96.640386,210,11160.524194
37.152725,64,11161.532466
11.686838,104,11163.009301
-19.157555,132,11164.725818
20.076065,85,11165.844312
-5.175142,120,11167.375338
11.941758,100,11168.629066
-73.319705,178,11170.775583
-0.183643,114,11172.305611
-3.073159,120,11173.820006
23.494046,82,11175.031139
1.405397,112,11176.423703
50.154957,22,11176.970953
22.328268,84,11178.19183
21.554067,88,11179.439
34.632606,70,11180.52507
8.445995,108,11182.05901
38.492404,62,11183.016714
8.890714,104,11184.438107
4.44669,108,11185.894261
26.712786,85,11187.009123
5.326788,107,11188.354907
-7.037042,123,11190.006744
22.729296,89,11191.31321
24.92282,84,11192.454096
18.277924,92,11193.882688
4.168455,109,11195.291463
40.506557,52,11196.04404
5.607199,109,11197.518237
22.205951,86,11198.752004
39.993036,55,11199.634975
27.595807,82,11200.701279
13.090725,99,11201.985142
17.874448,91,11203.225451
6.730085,106,11204.650834
33.976443,74,11205.732213
17.214635,94,11206.917675
47.938266,37,11207.609176
8.798348,105,11209.012335
32.135403,79,11210.160146
36.70336,66,11211.176163
-81.195098,194,11213.616915
13.168198,99,11214.963245
45.681434,48,11215.67947
-7.884275,134,11217.409091
46.625963,45,11218.192187
34.528242,71,11219.250477
38.327307,59,11220.209982
45.086476,46,11221.04583
7.87168,105,11222.463742
26.729393,81,11223.622977
-4.004953,116,11225.092264
45.102572,43,11225.847255
43.773333,54,11226.715677
31.593219,74,11227.803327
-5.808549,129,11229.469585
-1.215483,117,11231.059048
27.41153,84,11232.15547
39.119868,58,11233.074369
-19.730754,135,11234.81681
30.978289,75,11235.905364
42.682682,59,11236.846335
38.211463,58,11237.760682
20.987737,88,11238.886644
23.111608,84,11240.078377
7.077118,105,11241.492295
-4.86885,135,11243.218742
22.717858,94,11244.557883
-38.526628,150,11246.441777
4.558056,109,11247.826803
40.965112,60,11248.693664
0.91797,120,11250.273021
16.144541,93,11251.548565
30.503293,72,11252.635765
38.462035,60,11253.590369
18.685993,91,11254.860371
31.071663,69,11255.886517
46.178943,48,11256.60778
49.608419,37,11257.302976
35.586911,65,11258.298164
14.41537,89,11259.53363
-39.919177,149,11261.470631
-6.229851,120,11263.055566
39.457818,56,11263.957385
-7.587377,126,11265.490634
49.415433,27,11265.982715
2.102196,110,11267.340518
-5.825971,125,11268.96549
31.215669,75,11270.055988
40.970469,55,11270.94748
0.167111,101,11272.324298
25.103962,83,11273.488731
-13.577827,129,11275.192912
25.100159,78,11276.216312
-5.781618,120,11277.708588
50.496025,19,11278.220502
18.303745,95,11279.428346
-3.134944,117,11280.866038
53.044869,18,11281.370725
38.295607,63,11282.251939
37.467898,68,11283.183647
28.417554,85,11284.385733
38.259291,65,11285.382953
40.501671,62,11286.281196
30.984377,81,11287.449749
48.55498,30,11288.076358
17.469212,96,11289.406785
4.596461,109,11290.898388
-94.52353,190,11293.148594
-138.391801,216,11295.753649
25.75977,81,11296.938281
19.726496,92,11298.227985
51.144636,33,11298.893049
43.401354,52,11299.73798
-27.597447,143,11301.609121
1.855084,113,11303.008679
-111.415544,198,11305.415286
16.009866,89,11306.761631
2.042522,113,11308.290774
35.047218,69,11309.366231
33.370722,62,11310.345183
-35.45585,145,11312.218443
20.200693,90,11313.474389
13.899665,96,11314.747638
15.024126,95,11316.056559
-3.889361,121,11317.569875
37.045557,63,11318.542562
50.341897,35,11319.118364
32.043583,75,11320.217992
29.12116,71,11321.293923
20.583898,86,11322.527577
-21.11676,134,11324.26152
22.331607,91,11325.525165
39.631307,62,11326.482836
14.005317,93,11327.679689
15.946848,99,11329.040525
42.282759,50,11329.774925
-5.707431,122,11331.446947
-1.809429,119,11333.036594
30.258196,74,11334.126166
28.279503,78,11335.246778
33.365042,70,11336.285523
42.882684,56,11337.068091
11.778723,102,11338.439769
2.400866,112,11339.930167
7.449081,106,11341.433579
12.689048,101,11342.824443
22.647575,90,11344.022899
13.05653,99,11345.391401
40.338803,59,11346.333994
26.678945,84,11347.618771
32.464155,74,11348.69886
15.919432,95,11349.910207
18.183924,90,11351.05743
-90.836911,201,11353.414961
35.691183,69,11354.461981
23.227323,89,11355.746423
37.361057,59,11356.737087
15.912921,94,11358.057008
22.44001,85,11359.251596
25.042413,75,11360.250364
35.994388,63,11361.226322
19.983787,86,11362.353792
32.659612,66,11363.256796
31.894611,69,11364.295594
